gadm_name,year,observed,population,expected,sir_raw,province_id,time_id
An Giang,1994,2376,2077825,1388.6234652678527,1.7110469896471838,1,1
An Giang,1995,2290,2082043,2559.993190958269,0.8945336292643794,1,2
An Giang,1996,2315,2086269,2841.4358822660065,0.8147289243612349,1,3
An Giang,1997,5876,2090504,3065.4767957012696,1.916830689516208,1,4
An Giang,1998,9648,2094748,6665.151958638795,1.447528887543981,1,5
An Giang,1999,2716,2099000,1009.2893798428828,2.6910022578686035,1,6
An Giang,2000,3240,2103261,705.0055481911272,4.5957085136607105,1,7
An Giang,2001,4027,2107530,1161.87163423472,3.4659594755081784,1,8
An Giang,2002,1752,2111809,866.189062835648,2.02265310793058,1,9
An Giang,2003,1818,2116095,1350.5970189013692,1.3460713851410953,1,10
An Giang,2004,5283,2120391,2072.4601574300464,2.5491443013076704,1,11
An Giang,2005,2847,2124695,1488.2613763846687,1.9129704265496843,1,12
An Giang,2006,2775,2129008,1775.132158097325,1.5632638884613432,1,13
An Giang,2007,8833,2133330,2669.197239169488,3.309234653167991,1,14
An Giang,2008,2116,2137661,2435.2977877612584,0.868887579430364,1,15
An Giang,2009,4150,2142000,2630.3204829386536,1.5777545082124464,1,16
An Giang,2010,5518,2146348,3175.3481483054907,1.7377622050497532,1,17
An Giang,2011,4174,2150705,1703.0635957533545,2.450877354438206,1,18
An Giang,2012,5547,2155070,2070.3433345555077,2.679265756271731,1,19
An Giang,2013,1515,2159445,1564.336287987095,0.9684618401005207,1,20
An Giang,2014,1272,2163828,751.3782458050775,1.69288904370274,1,21
An Giang,2015,3663,2168221,2260.843144236092,1.6201920108162469,1,22
An Giang,2016,2978,2172622,2875.465393901035,1.0356584385666558,1,23
An Giang,2017,4627,2177032,3868.9922728003226,1.1959186459297428,1,24
Bà Rịa - Vũng Tàu,1994,0,740828,495.09999375667,0,2,1
Bà Rịa - Vũng Tàu,1995,4102,756394,930.0304987369084,4.410608045188843,2,2
Bà Rịa - Vũng Tàu,1996,1370,772288,1051.8331215406304,1.3024879821176838,2,3
Bà Rịa - Vũng Tàu,1997,584,788515,1156.2639610172412,0.5050749826071003,2,4
Bà Rịa - Vũng Tàu,1998,2270,805084,2561.6480834299664,0.8861482631761586,2,5
Bà Rịa - Vũng Tàu,1999,163,822000,395.25291578411134,0.41239417469353024,2,6
Bà Rịa - Vũng Tàu,2000,509,839272,281.32096608146287,1.8093212428845686,2,7
Bà Rịa - Vũng Tàu,2001,1678,856907,472.4089035397699,3.552007566806448,2,8
Bà Rịa - Vũng Tàu,2002,680,874912,358.8578348438057,1.8949008046486508,2,9
Bà Rịa - Vũng Tàu,2003,751,893296,570.1459124455743,1.3172066721984785,2,10
Bà Rịa - Vũng Tàu,2004,911,912066,891.4490044272932,1.0219317038614757,2,11
Bà Rịa - Vũng Tàu,2005,341,931230,652.288277390729,0.5227749935412938,2,12
Bà Rịa - Vũng Tàu,2006,1736,950797,792.7590363786619,2.1898205133429705,2,13
Bà Rịa - Vũng Tàu,2007,1318,970775,1214.6221868415855,1.0851110857996351,2,14
Bà Rịa - Vũng Tàu,2008,2694,991173,1129.178767909734,2.3858046897099974,2,15
Bà Rịa - Vũng Tàu,2009,3158,1012000,1242.709770650755,2.5412208663542475,2,16
Bà Rịa - Vũng Tàu,2010,758,1033264,1528.6304593247341,0.495868700885918,2,17
Bà Rịa - Vũng Tàu,2011,1496,1054975,835.3956107089979,1.7907683267935164,2,18
Bà Rịa - Vũng Tàu,2012,3344,1077142,1034.7941180888733,3.23156069554775,2,19
Bà Rịa - Vũng Tàu,2013,4494,1099775,796.6944937801183,5.640807153915526,2,20
Bà Rịa - Vũng Tàu,2014,2193,1122883,389.91539936831526,5.624296971991315,2,21
Bà Rịa - Vũng Tàu,2015,2856,1146477,1195.4522465534474,2.3890540238926317,2,22
Bà Rịa - Vũng Tàu,2016,3808,1170566,1549.244196310798,2.4579727386218115,2,23
Bà Rịa - Vũng Tàu,2017,2816,1195162,2124.025987098297,1.32578415570472,2,24
Bắc Giang,1994,31,1505764,1006.3115149522135,0.03080557018317741,8,1
Bắc Giang,1995,145,1508997,1855.3997420689464,0.07815027495816684,8,2
Bắc Giang,1996,6,1512237,2059.621493819972,0.0029131566251388375,8,3
Bắc Giang,1997,5,1515485,2222.2794607105934,0.0022499420475232245,8,4
Bắc Giang,1998,112,1518739,4832.383761918438,0.0231769672108029,8,5
Bắc Giang,1999,19,1522000,731.8429900528192,0.025961852826695404,8,6
Bắc Giang,2000,7,1525268,511.26436637126073,0.013691546801282189,8,7
Bắc Giang,2001,21,1528543,842.6787535209661,0.024920528626425745,8,8
Bắc Giang,2002,21,1531826,628.3006310548346,0.0334234902243274,8,9
Bắc Giang,2003,1,1535115,979.7867027098384,0.0010206303037531095,8,10
Bắc Giang,2004,1,1538412,1503.6366291463567,6.650542961085746e-4,8,11
Bắc Giang,2005,0,1541715,1079.9078869639593,0,8,12
Bắc Giang,2006,0,1545026,1288.2174880021482,0,8,13
Bắc Giang,2007,0,1548343,1937.2684305228927,0,8,14
Bắc Giang,2008,0,1551668,1767.71417345404,0,8,15
Bắc Giang,2009,425,1555000,1909.4996969979488,0.2225713890754582,8,16
Bắc Giang,2010,725,1558339,2305.4364241410203,0.3144740806592083,8,17
Bắc Giang,2011,32,1561685,1236.6404837177008,0.02587655864524077,8,18
Bắc Giang,2012,56,1565039,1503.5094275218053,0.03724619146040429,8,19
Bắc Giang,2013,49,1568399,1136.1731693757756,0.04312722859572636,8,20
Bắc Giang,2014,45,1571767,545.7880807875254,0.082449583609574,8,21
Bắc Giang,2015,53,1575142,1642.428973752365,0.03226927973567946,8,22
Bắc Giang,2016,2,1578524,2089.1766425278934,9.573149341646908e-4,8,23
Bắc Giang,2017,960,1581914,2811.356490044542,0.3414721695379123,8,24
Bắc Kạn,1994,0,274251,183.28366150815103,0,9,1
Bắc Kạn,1995,0,275588,338.8515047526912,0,9,2
Bắc Kạn,1996,0,276931,377.17172632666615,0,9,3
Bắc Kạn,1997,2,278281,408.0661640372585,0.0049011659781167,9,4
Bắc Kạn,1998,2,279637,889.76005622532,0.0022477970167425975,9,5
Bắc Kạn,1999,0,281000,135.11687267072418,0,9,6
Bắc Kạn,2000,0,282370,94.64941186221235,0,9,7
Bắc Kạn,2001,0,283746,156.42786993663904,0,9,8
Bắc Kạn,2002,0,285129,116.94979105461974,0,9,9
Bắc Kạn,2003,0,286518,182.87003024986237,0,9,10
Bắc Kạn,2004,1,287915,281.4067623501853,0.0035535748737821385,9,11
Bắc Kạn,2005,0,289318,202.65534812895947,0,9,12
Bắc Kạn,2006,0,290728,242.40426624010763,0,9,13
Bắc Kạn,2007,0,292145,365.5283652492442,0,9,14
Bắc Kạn,2008,0,293569,334.44401907284873,0,9,15
Bắc Kạn,2009,2,295000,362.25235409285847,0.005521013120834895,9,16
Bắc Kạn,2010,0,296438,438.5560283734898,0,9,17
Bắc Kạn,2011,0,297883,235.88250973229546,0,9,18
Bắc Kạn,2012,0,299335,287.5666321971782,0,9,19
Bắc Kạn,2013,0,300794,217.89995550189528,0,9,20
Bắc Kạn,2014,0,302260,104.95824463730146,0,9,21
Bắc Kạn,2015,0,303734,316.7089201568499,0,9,22
Bắc Kạn,2016,0,305214,403.9507538513881,0,9,23
Bắc Kạn,2017,61,306702,545.0667091950897,0.1119129071193503,9,24
Bạc Liêu,1994,0,688035,459.8181011035901,0,7,1
Bạc Liêu,1995,0,698128,858.3890565263612,0,7,2
Bạc Liêu,1996,0,708368,964.7759963116005,0,7,3
Bạc Liêu,1997,2348,718759,1053.9750396083666,2.227756741632576,7,4
Bạc Liêu,1998,2034,729302,2320.521921366766,0.8765269490761771,7,5
Bạc Liêu,1999,349,740000,355.8237927983484,0.9808225505532298,7,6
Bạc Liêu,2000,92,750855,251.6839046067268,0.3655378763443624,7,7
Bạc Liêu,2001,353,761869,420.0148895165297,0.8404463956178574,7,8
Bạc Liêu,2002,365,773044,317.0751985102444,1.1511464842249628,7,9
Bạc Liêu,2003,1515,784384,500.63286009084266,3.0261697159173586,7,10
Bạc Liêu,2004,2762,795889,777.898152858054,3.550593339053721,7,11
Bạc Liêu,2005,1653,807564,565.6653355699093,2.922222551139002,7,12
Bạc Liêu,2006,3228,819410,683.2106979713222,4.724750372886426,7,13
Bạc Liêu,2007,1398,831429,1040.2741213808686,1.3438765525996965,7,14
Bạc Liêu,2008,4050,843625,961.0869526085248,4.213978754999984,7,15
Bạc Liêu,2009,1033,856000,1051.1458139101248,0.9827371106177698,7,16
Bạc Liêu,2010,1716,868556,1284.9583041983983,1.33545189318069,7,17
Bạc Liêu,2011,1947,881296,697.8656462336994,2.789935298445675,7,18
Bạc Liêu,2012,908,894223,859.0665860766609,1.056961142147103,7,19
Bạc Liêu,2013,385,907340,657.2915205259735,0.5857370557464636,7,20
Bạc Liêu,2014,180,920649,319.6906734833817,0.5630442641278893,7,21
Bạc Liêu,2015,521,934153,974.058182130686,0.5348756466070107,7,22
Bạc Liêu,2016,760,947856,1254.4874931771192,0.6058250912292649,7,23
Bạc Liêu,2017,892,961759,1709.2252843762358,0.5218738618914862,7,24
Bắc Ninh,1994,0,926613,619.2612732170616,0,10,1
Bắc Ninh,1995,0,932807,1146.9405619760064,0,10,2
Bắc Ninh,1996,0,939042,1278.947074300982,0,10,3
Bắc Ninh,1997,1,945320,1386.199942459964,7.213966538083895e-4,10,4
Bắc Ninh,1998,169,951639,3027.9625734298656,0.05581310729629282,10,5
Bắc Ninh,1999,9,958000,460.6475587848889,0.01953771343918655,10,6
Bắc Ninh,2000,1,964404,323.26476395355394,0.0030934395316393904,10,7
Bắc Ninh,2001,5,970851,535.2257087530959,0.009341853199930167,10,8
Bắc Ninh,2002,6,977340,400.8701632921311,0.014967439708471256,10,9
Bắc Ninh,2003,8,983874,627.9572946273989,0.012739719831978117,10,10
Bắc Ninh,2004,2,990450,968.0611561389335,0.0020659851780200603,10,11
Bắc Ninh,2005,3,997071,698.4071872966416,0.0042954884407937505,10,12
Bắc Ninh,2006,6,1003736,836.8987114374283,0.00716932636889189,10,13
Bắc Ninh,2007,95,1010446,1264.2580723703563,0.0751428858365006,10,14
Bắc Ninh,2008,0,1017200,1158.8296318783719,0,10,15
Bắc Ninh,2009,181,1024000,1257.4454596308035,0.14394262479832973,10,16
Bắc Ninh,2010,933,1030845,1525.0517446099018,0.6117825203620585,10,17
Bắc Ninh,2011,41,1037736,821.7446853951161,0.0498938426115724,10,18
Bắc Ninh,2012,35,1044673,1003.6016381556542,0.034874395048139266,10,19
Bắc Ninh,2013,18,1051656,761.8363252036316,0.023627122263025158,10,20
Bắc Ninh,2014,6,1058686,367.6233182759417,0.0163210539204598,10,21
Bắc Ninh,2015,151,1065762,1111.2892602217883,0.13587821407530187,10,22
Bắc Ninh,2016,1,1072887,1419.9660318574972,7.042421984502489e-4,10,23
Bắc Ninh,2017,1413,1080058,1919.4646914589086,0.7361427414046543,10,24
Bến Tre,1994,2010,1332272,890.3657244086161,2.2574993004532478,11,1
Bến Tre,1995,7738,1326976,1631.594316046806,4.742600488305463,11,2
Bến Tre,1996,3448,1321700,1800.1158074970106,1.9154323214317566,11,3
Bến Tre,1997,5080,1316446,1930.4123148263548,2.6315621595363465,11,4
Bến Tre,1998,24562,1311213,4172.069334899783,5.8872463586681985,11,5
Bến Tre,1999,1375,1306000,627.9809099927609,2.189557004234174,11,6
Bến Tre,2000,1285,1300808,436.02617893423775,2.9470707541938808,11,7
Bến Tre,2001,3663,1295637,714.2787426821776,5.128250052976689,11,8
Bến Tre,2002,2959,1290486,529.3115328812994,5.5902806120485,11,9
Bến Tre,2003,2259,1285356,820.3780935293493,2.753608388397543,11,10
Bến Tre,2004,5768,1280246,1251.3063990128173,4.609582436844006,11,11
Bến Tre,2005,3347,1275157,893.1949818334136,3.7472221273901383,11,12
Bến Tre,2006,2644,1270087,1058.9778325310929,2.4967472583259847,11,13
Bến Tre,2007,6450,1265038,1582.8005686154934,4.075055397308797,11,14
Bến Tre,2008,4680,1260009,1435.446092836645,3.26031052183343,11,15
Bến Tre,2009,4760,1255000,1541.1074724967368,3.0886878981180717,11,16
Bến Tre,2010,504,1250011,1849.2901031014053,0.27253701252970114,11,17
Bến Tre,2011,1932,1245042,985.902625131735,1.9596255763512636,11,18
Bến Tre,2012,2191,1240092,1191.3377321551543,1.8391090459599868,11,19
Bến Tre,2013,1169,1235163,894.7717133240274,1.306478493444132,11,20
Bến Tre,2014,694,1230253,427.1990846945479,1.6245353158849059,11,21
Bến Tre,2015,1060,1225362,1277.7070588779586,0.8296111324068742,11,22
Bến Tre,2016,3233,1220491,1615.319937875833,2.0014610877962897,11,23
Bến Tre,2017,1329,1215639,2160.4174387490452,0.61515889298206,11,24
Bình Định,1994,528,1478506,988.0948227782956,0.5343616703864366,6,1
Bình Định,1995,1935,1479005,1818.5228304089949,1.0640504301861355,6,2
Bình Định,1996,2038,1479503,2015.0387663912004,1.011394933929694,6,3
Bình Định,1997,1572,1480002,2170.247839081614,0.7243412349924168,6,4
Bình Định,1998,5256,1480501,4710.716582575419,1.1157538153412885,6,5
Bình Định,1999,733,1481000,712.1284285599378,1.0293087182072882,6,6
Bình Định,2000,197,1481499,496.5931544585321,0.39670301177389755,6,7
Bình Định,2001,167,1481999,817.0192595427922,0.20440154629090873,6,8
Bình Định,2002,352,1482498,608.0680370600383,0.5788825896883064,6,9
Bình Định,2003,327,1482998,946.5230426028571,0.345474949136767,6,10
Bình Định,2004,583,1483498,1449.9639446815038,0.40207896350695854,6,11
Bình Định,2005,271,1483998,1039.4795046028232,0.2607074009636649,6,12
Bình Định,2006,263,1484498,1237.7502284778463,0.21248228758029047,6,13
Bình Định,2007,1155,1484999,1858.0131676625044,0.6216317624126751,6,14
Bình Định,2008,618,1485499,1692.3321464074809,0.36517654132606514,6,15
Bình Định,2009,1130,1486000,1824.76948536267,0.6192563000774941,6,16
Bình Định,2010,3934,1486501,2199.1579174506,1.7888665333140497,6,17
Bình Định,2011,317,1487002,1177.5017833744887,0.26921402963105523,6,18
Bình Định,2012,1577,1487504,1429.022719227058,1.1035513843005809,6,19
Bình Định,2013,2576,1488005,1077.9344777043348,2.3897556421853015,6,20
Bình Định,2014,424,1488507,516.8764700930844,0.8203120562320079,6,21
Bình Định,2015,2849,1489009,1552.6165410979042,1.8349669249210638,6,22
Bình Định,2016,4685,1489511,1971.367929780203,2.376522377800045,6,23
Bình Định,2017,3295,1490013,2648.0312569461666,1.2443206594924971,6,24
Bình Dương,1994,2201,429480,287.0241747323463,7.668343623154602,3,1
Bình Dương,1995,4463,466448,573.5249963310569,7.78170093465955,3,2
Bình Dương,1996,2538,506598,689.9713004814788,3.678413867691195,3,3
Bình Dương,1997,1652,550204,806.8090732675093,2.0475724117845355,3,4
Bình Dương,1998,3551,597564,1901.352747448396,1.867617676291483,3,5
Bình Dương,1999,942,649000,312.06708314341637,3.018581743743495,3,6
Bình Dương,2000,632,704864,236.26788625861968,2.674929758791724,3,7
Bình Dương,2001,338,765536,422.0364898177063,0.800878616315843,3,8
Bình Dương,2002,1284,831430,341.0230624613508,3.7651412509543096,3,9
Bình Dương,2003,1251,902997,576.3375728768698,2.1706028877407006,3,10
Bình Dương,2004,659,980723,958.5540322399346,0.6874938478533743,3,11
Bình Dương,2005,727,1065140,746.0867194784973,0.9744175590046172,3,12
Bình Dương,2006,1535,1156824,964.5409898219169,1.5914305521462668,3,13
Bình Dương,2007,1715,1256399,1571.9915540939778,1.0909727826040678,3,14
Bình Dương,2008,5242,1364545,1554.537141202785,3.372064816633542,3,15
Bình Dương,2009,2099,1482000,1819.857589035987,1.153386953268074,3,16
Bình Dương,2010,3083,1609565,2381.221145092654,1.2947138514848187,3,17
Bình Dương,2011,4215,1748110,1384.263533293686,3.04494043122766,3,18
Bình Dương,2012,5367,1898581,1823.9382101109152,2.942533891909435,3,19
Bình Dương,2013,2465,2062004,1493.7484785093122,1.6502108858781561,3,20
Bình Dương,2014,2751,2239493,777.6525314547878,3.537569658332606,3,21
Bình Dương,2015,5991,2432261,2536.1624146444583,2.362230417660326,3,22
Bình Dương,2016,3964,2641620,3496.18428508818,1.1338075103498215,3,23
Bình Dương,2017,8487,2869001,5098.750362721539,1.6645255006110808,3,24
Bình Phước,1994,0,615749,411.50891442504303,0,4,1
Bình Phước,1995,0,630295,774.9844303383946,0,4,2
Bình Phước,1996,0,645185,878.7226430051893,0,4,3
Bình Phước,1997,2858,660427,968.4380626655593,2.95114381619156,4,4
Bình Phước,1998,5230,676029,2151.0157849281277,2.431409400454377,4,5
Bình Phước,1999,682,692000,332.7433305627799,2.0496278583450813,4,6
Bình Phước,2000,834,708348,237.43571057043732,3.5125297622515244,4,7
Bình Phước,2001,561,725082,399.7343849407502,1.4034319316391886,4,8
Bình Phước,2002,1647,742212,304.42900693451537,5.410128346784905,4,9
Bình Phước,2003,1482,759746,484.90766374961413,3.0562519646322652,4,10
Bình Phước,2004,1268,777694,760.1144457189275,1.668169848818893,4,11
Bình Phước,2005,550,796066,557.6114599286192,0.9863498861203578,4,12
Bình Phước,2006,1806,814873,679.4278213446081,2.6581189984623705,4,13
Bình Phước,2007,1049,834124,1043.6460734743382,1.005130021241625,4,14
Bình Phước,2008,3976,853829,972.7117044406983,4.087542055727775,4,15
Bình Phước,2009,2097,874000,1073.2493473801976,1.9538795948199534,4,16
Bình Phước,2010,1019,894648,1323.5593064056764,0.7698937214738395,4,17
Bình Phước,2011,2344,915784,725.1754154909158,3.2323213803562303,4,18
Bình Phước,2012,5240,937419,900.5643335648908,5.818573759475261,4,19
Bình Phước,2013,1880,959565,695.1241407779947,2.7045528844615756,4,20
Bình Phước,2014,630,982235,341.0760981318064,1.8470951305316652,4,21
Bình Phước,2015,1407,1005440,1048.3904228124054,1.3420572807462232,4,22
Bình Phước,2016,3469,1029193,1362.1370192998081,2.5467335156805313,4,23
Bình Phước,2017,2141,1053507,1872.2786079125385,1.143526391292302,4,24
Bình Thuận,1994,7103,1029436,687.978528312768,10.324450121168377,5,1
Bình Thuận,1995,7393,1038198,1276.5249377013313,5.791504561840171,5,2
Bình Thuận,1996,13560,1047035,1426.0303052906352,9.508914326499095,5,3
Bình Thuận,1997,6826,1055947,1548.421350062171,4.408360811949492,5,4
Bình Thuận,1998,9877,1064935,3388.4522630278225,2.9149001471173746,5,5
Bình Thuận,1999,3419,1074000,516.4253425208462,6.620511656749276,5,6
Bình Thuận,2000,2166,1083142,363.06531594454225,5.965868687745578,5,7
Bình Thuận,2001,3590,1092361,602.2136151059643,5.961339813561523,5,8
Bình Thuận,2002,926,1101659,451.86140260528157,2.0493009463985947,5,9
Bình Thuận,2003,523,1111037,709.119042429154,0.737534840706596,5,10
Bình Thuận,2004,1655,1120494,1095.1655480708143,1.511187055614889,5,11
Bình Thuận,2005,2602,1130031,791.5401934947573,3.2872620005710855,5,12
Bình Thuận,2006,434,1139650,950.2215886345266,0.45673557114573693,5,13
Bình Thuận,2007,3349,1149350,1438.0531126639812,2.328843052115096,5,14
Bình Thuận,2008,1456,1159134,1320.5257830492574,1.1025911183937023,5,15
Bình Thuận,2009,1110,1169000,1435.501701473056,0.7732488222486683,5,16
Bình Thuận,2010,2217,1178950,1744.161105023397,1.2710981764326523,5,17
Bình Thuận,2011,889,1188985,941.5131640075242,0.9442247161112401,5,18
Bình Thuận,2012,1710,1199105,1151.9621377413177,1.4844237878797315,5,19
Bình Thuận,2013,1526,1209311,876.0441135393409,1.74192141287811,5,20
Bình Thuận,2014,608,1219604,423.50127371346326,1.4356509359907303,5,21
Bình Thuận,2015,2288,1229985,1282.5275443615894,1.7839772799101246,5,22
Bình Thuận,2016,2574,1240454,1641.740970001277,1.567847819499807,5,23
Bình Thuận,2017,1970,1251012,2223.281863188266,0.886077484199394,5,24
Cà Mau,1994,5068,1089462,728.094280181269,6.960637019066064,13,1
Cà Mau,1995,6808,1096868,1348.6631214533104,5.047961860678554,13,2
Cà Mau,1996,6612,1104325,1504.0575691262284,4.396108324391595,13,3
Cà Mau,1997,8446,1111832,1630.370091001086,5.180418879503583,13,4
Cà Mau,1998,3312,1119390,3561.7193337722156,0.9298879809522391,13,5
Cà Mau,1999,1674,1127000,541.9100195726198,3.0890737198773497,13,6
Cà Mau,2000,1022,1134661,380.3343000778755,2.687109734227862,13,7
Cà Mau,2001,749,1142375,629.7861041877877,1.1892926741626955,13,8
Cà Mau,2002,245,1150141,471.74699744098774,0.519346177779643,13,9
Cà Mau,2003,950,1157959,739.0669952955849,1.2854044437744834,13,10
Cà Mau,2004,4222,1165831,1139.4777179288292,3.7052062831681476,13,11
Cà Mau,2005,1393,1173756,822.1677558895574,1.6943014245223247,13,12
Cà Mau,2006,2725,1181736,985.3122092454797,2.7656208605054404,13,13
Cà Mau,2007,1578,1189769,1488.624886937062,1.0600387067603263,13,14
Cà Mau,2008,8284,1197857,1364.6403719552998,6.070463816141115,13,15
Cà Mau,2009,924,1206000,1480.936742494872,0.6239294181082818,13,16
Cà Mau,2010,14012,1214198,1796.307668176936,7.800445462786846,13,17
Cà Mau,2011,8348,1222452,968.0144411975979,8.62383828661906,13,18
Cà Mau,2012,1945,1230762,1182.3745414878429,1.6449948233429537,13,19
Cà Mau,2013,448,1239128,897.6440223580008,0.4990842570567773,13,20
Cà Mau,2014,454,1247551,433.2057270413223,1.048000918872188,13,21
Cà Mau,2015,1291,1256032,1309.6872210633267,0.9857315389790895,13,22
Cà Mau,2016,2006,1264570,1673.6584979648699,1.1985718726008021,13,23
Cà Mau,2017,2318,1273166,2262.653656901734,1.0244608108401585,13,24
Cần Thơ,1994,1030,1075843,718.992617156961,1.432559911495091,14,1
Cần Thơ,1995,604,1082979,1331.5857866291883,0.4535945081908554,14,2
Cần Thơ,1996,1498,1090163,1484.7693493594336,1.0089109130965523,14,3
Cần Thơ,1997,5945,1097394,1609.1984721109357,3.6943858094778013,14,4
Cần Thơ,1998,3491,1104673,3514.892201642104,0.9932025791200818,14,5
Cần Thơ,1999,1847,1112000,534.6973751240047,3.4542903816792663,14,6
Cần Thơ,2000,600,1119376,375.210822866012,1.59910099452078,14,7
Cần Thơ,2001,555,1126801,621.2002293335405,0.8934317371315784,14,8
Cần Thơ,2002,282,1134275,465.2393276323306,0.6061396430846426,14,9
Cần Thơ,2003,1375,1141798,728.7522417412949,1.8867866487992517,14,10
Cần Thơ,2004,2477,1149372,1123.3907689976456,2.204931772948538,14,11
Cần Thơ,2005,1642,1156996,810.428065878423,2.0260897532222506,14,12
Cần Thơ,2006,1464,1164670,971.0828566972089,1.507595350801756,14,13
Cần Thơ,2007,1611,1172395,1466.8867438305897,1.0982442964840466,14,14
Cần Thơ,2008,1263,1180172,1344.4930046334662,0.939387557724272,14,15
Cần Thơ,2009,1357,1188000,1458.8332090247995,0.9301954408531233,14,16
Cần Thơ,2010,1819,1195880,1769.207669770033,1.028143858451868,14,17
Cần Thơ,2011,776,1203812,953.2541158973627,0.8140536579477536,14,18
Cần Thơ,2012,1044,1211797,1164.1551512407302,0.8967876823697669,14,19
Cần Thơ,2013,613,1219835,883.6678664456552,0.6936995485256778,14,20
Cần Thơ,2014,540,1227926,426.391045803292,1.2664431050203608,14,21
Cần Thơ,2015,706,1236071,1288.8735263329017,0.5477651496254319,14,22
Cần Thơ,2016,826,1244270,1646.7914463119864,0.5015814248063039,14,23
Cần Thơ,2017,1212,1252523,2225.96719226207,0.5444824183452329,14,24
Cao Bằng,1994,0,496047,331.51131788082375,0,12,1
Cao Bằng,1995,3,496835,610.8875835080023,0.004910887176283067,12,2
Cao Bằng,1996,0,497625,677.7503432743435,0,12,3
Cao Bằng,1997,0,498415,730.8666317449995,0,12,4
Cao Bằng,1998,6,499207,1588.3965583526976,0.0037773942334793967,12,5
Cao Bằng,1999,26,500000,240.4214816205057,0.10814341474294635,12,6
Cao Bằng,2000,0,500794,167.86435373490374,0,12,7
Cao Bằng,2001,0,501590,276.52426917566686,0,12,8
Cao Bằng,2002,4,502387,206.06130796431526,0.0194116985838637,12,9
Cao Bằng,2003,0,503185,321.1576800455015,0,12,10
Cao Bằng,2004,0,503984,492.59158333638675,0,12,11
Cao Bằng,2005,0,504785,353.58111111398813,0,12,12
Cao Bằng,2006,0,505587,421.55019728246776,0,12,13
Cao Bằng,2007,0,506390,633.5891727688811,0,12,14
Cao Bằng,2008,0,507194,577.8130518196215,0,12,15
Cao Bằng,2009,0,508000,623.8108334887189,0,12,16
Cao Bằng,2010,0,508807,752.7387754897491,0,12,17
Cao Bằng,2011,0,509615,403.54523486477495,0,12,18
Cao Bằng,2012,0,510425,490.357620188901,0,12,19
Cao Bằng,2013,1,511236,370.3474858240754,0.0027001668386511628,12,20
Cao Bằng,2014,0,512048,177.80605852590796,0,12,21
Cao Bằng,2015,0,512861,534.7694150163044,0,12,22
Cao Bằng,2016,0,513676,679.8502278249543,0,12,23
Cao Bằng,2017,41,514492,914.3483294768215,0.0448406790697148,12,24
Đà Nẵng,1994,0,601969,402.29965409205494,0,59,1
Đà Nẵng,1995,0,617728,759.5325715483636,0,59,2
Đà Nẵng,1996,0,633900,863.3528110557274,0,59,3
Đà Nẵng,1997,2095,650495,953.8739596861319,2.1963069425748354,59,4
Đà Nẵng,1998,3986,667525,2123.9574216995848,1.8766854548385503,59,5
Đà Nẵng,1999,220,685000,329.3774298200928,0.667926761466822,59,6
Đà Nẵng,2000,5,702933,235.62062198016966,0.02122055343874277,59,7
Đà Nẵng,2001,141,721335,397.66868100606007,0.3545665191517843,59,8
Đà Nẵng,2002,667,740219,303.6115491046494,2.196886126258976,59,9
Đà Nẵng,2003,976,759598,484.8132027926167,2.0131464951409193,59,10
Đà Nẵng,2004,625,779484,761.8639832720485,0.8203564070790617,59,11
Đà Nẵng,2005,68,799890,560.2900144991787,0.12136571818218558,59,12
Đà Nẵng,2006,558,820831,684.3955046027,0.8153180379580749,59,13
Đà Nẵng,2007,668,842320,1053.900811640601,0.633835739209773,59,14
Đà Nẵng,2008,647,864371,984.7215176330517,0.6570385519300688,59,15
Đà Nẵng,2009,1662,887000,1089.2130104419168,1.5258723354081964,59,16
Đà Nẵng,2010,4464,910221,1346.5982994830158,3.3150197811135014,59,17
Đà Nẵng,2011,147,934050,739.639584049612,0.1987454473368746,59,18
Đà Nẵng,2012,1310,958503,920.8194152400886,1.4226459372149955,59,19
Đà Nẵng,2013,2083,983596,712.5325792131565,2.9233750999852366,59,20
Đà Nẵng,2014,291,1009345,350.48990747514404,0.8302664179299858,59,21
Đà Nẵng,2015,2474,1035769,1080.0150181472611,2.290708886848708,59,22
Đà Nẵng,2016,5221,1062885,1406.7283840431062,3.7114485349291235,59,23
Đà Nẵng,2017,7136,1090710,1938.3952839765516,3.6813956673278425,59,24
Đắk Lắk,1994,249,1484360,992.0070876541528,0.2510062711233469,60,1
Đắk Lắk,1995,2060,1499765,1844.048460112269,1.1171073019819575,60,2
Đắk Lắk,1996,1169,1515330,2063.8340671668648,0.5664215057777143,60,3
Đắk Lắk,1997,1011,1531056,2245.1124900594323,0.4503115119961036,60,4
Đắk Lắk,1998,9377,1546946,4922.133909094769,1.905068040240402,60,5
Đắk Lắk,1999,489,1563000,751.5575515457008,0.6506487746604258,60,6
Đắk Lắk,2000,256,1579221,529.3492185800717,0.4836126908559445,60,7
Đắk Lắk,2001,578,1595611,879.653034677037,0.657077253433465,60,8
Đắk Lắk,2002,714,1612170,661.2548868916396,1.0797651770201644,60,9
Đắk Lắk,2003,665,1628901,1039.6455899595526,0.6396410530879776,60,10
Đắk Lắk,2004,2483,1645806,1608.60301796193,1.543575370849369,60,11
Đắk Lắk,2005,297,1662887,1164.783884459733,0.254982923409658,60,12
Đắk Lắk,2006,128,1680145,1400.8775071612836,0.0913713007351922,60,13
Đắk Lắk,2007,156,1697582,2123.9945004588217,0.07344651785411928,60,14
Đắk Lắk,2008,417,1715199,1954.0143784586626,0.21340682269131095,60,15
Đắk Lắk,2009,771,1733000,2128.0790835353346,0.36229856585928816,60,16
Đắk Lắk,2010,6443,1750985,2590.4405890660273,2.487221682363693,60,17
Đắk Lắk,2011,225,1769157,1400.929872703238,0.16060761097615786,60,18
Đắk Lắk,2012,900,1787517,1717.2406958264266,0.5240965941392814,60,19
Đắk Lắk,2013,4940,1806068,1308.3443713418387,3.77576432337423,60,20
Đắk Lắk,2014,366,1824811,633.6563202370103,0.5776001726978796,60,21
Đắk Lắk,2015,3010,1843749,1922.510337434307,1.5656612822259286,60,22
Đắk Lắk,2016,13234,1862883,2465.5258021812083,5.367617726122399,60,23
Đắk Lắk,2017,2222,1882216,3345.0492044862604,0.6642652661192346,60,24
Đắk Nông,1994,0,312437,208.8036045470105,0,61,1
Đắk Nông,1995,0,321952,395.8587444233364,0,61,2
Đắk Nông,1996,0,331757,451.8430959732055,0,61,3
Đắk Nông,1997,0,341860,501.29724572564135,0,61,4
Đắk Nông,1998,0,352272,1120.8729693374123,0,61,5
Đắk Nông,1999,0,363000,174.54599565648712,0,61,6
Đắk Nông,2000,0,374055,125.3818952230047,0,61,7
Đắk Nông,2001,0,385447,212.4951653361376,0,61,8
Đắk Nông,2002,0,397186,162.9115933834166,0,61,9
Đắk Nông,2003,0,409282,261.22411757978267,0,61,10
Đắk Nông,2004,1419,421746,412.21255021149034,3.442398828643053,61,11
Đắk Nông,2005,67,434591,304.4131039158042,0.2200956500825639,61,12
Đắk Nông,2006,116,447826,373.3900172437551,0.310667116534809,61,13
Đắk Nông,2007,203,461464,577.3782934548844,0.35158924798731134,61,14
Đắk Nông,2008,87,475518,541.7266505028899,0.16059760013511812,61,15
Đắk Nông,2009,259,490000,601.7073000186463,0.430441844385092,61,16
Đắk Nông,2010,2216,504923,746.9927118467524,2.9665617413073484,61,17
Đắk Nông,2011,139,520300,412.0062904352156,0.3373734897425226,61,18
Đắk Nông,2012,306,536146,515.067398018903,0.5940970078420102,61,19
Đắk Nông,2013,618,552475,400.22167302509223,1.5441442621755619,61,20
Đắk Nông,2014,133,569300,197.68652376105248,0.6727823296683575,61,21
Đắk Nông,2015,491,586638,611.6980236093888,0.8026836462586598,61,22
Đắk Nông,2016,2573,604505,800.0624167205087,3.215999084854955,61,23
Đắk Nông,2017,556,622915,1107.0362409056977,0.5022419135484857,61,24
Điện Biên,1994,0,416522,278.364262149265,0,58,1
Điện Biên,1995,0,421115,517.7854312376793,0,58,2
Điện Biên,1996,0,425759,579.8710040736322,0,58,3
Điện Biên,1997,0,430454,631.2098654758826,0,58,4
Điện Biên,1998,0,435201,1384.7397384084206,0,58,5
Điện Biên,1999,0,440000,211.570903826045,0,58,6
Điện Biên,2000,0,444852,149.11279585554018,0,58,7
Điện Biên,2001,0,449758,247.9495250222484,0,58,8
Điện Biên,2002,0,454717,186.50876669501707,0,58,9
Điện Biên,2003,0,459731,293.423177171415,0,58,10
Điện Biên,2004,0,464801,454.29430403809624,0,58,11
Điện Biên,2005,5,469927,329.1645171755561,0.015189972609755223,58,12
Điện Biên,2006,0,475109,396.13813780946896,0,58,13
Điện Biên,2007,0,480348,601.0057306842285,0,58,14
Điện Biên,2008,0,485645,553.2636812559692,0,58,15
Điện Biên,2009,0,491000,602.935274100317,0,58,16
Điện Biên,2010,0,496414,734.4043350346365,0,58,17
Điện Biên,2011,0,501888,397.42650988650684,0,58,18
Điện Biên,2012,0,507422,487.47268325707506,0,58,19
Điện Biên,2013,1,513017,371.6376705376963,0.0026907928858588815,58,20
Điện Biên,2014,0,518674,180.1069032588093,0,58,21
Điện Biên,2015,0,524393,546.7940394154457,0,58,22
Điện Biên,2016,0,530175,701.6866556683497,0,58,23
Điện Biên,2017,155,536021,952.6093815151554,0.16271097367681556,58,24
Đồng Nai,1994,1450,1780447,1189.8838847668849,1.2186063014745978,62,1
Đồng Nai,1995,5965,1820513,2238.426816377477,2.664817967850012,62,2
Đồng Nai,1996,3840,1861481,2535.281359957133,1.5146247910192212,62,3
Đồng Nai,1997,3685,1903371,2791.068390259345,1.3202829471540076,62,4
Đồng Nai,1998,10753,1946204,6192.508789845202,1.7364529248038094,62,5
Đồng Nai,1999,726,1990000,956.8774968496126,0.758717811203895,62,6
Đồng Nai,2000,294,2034782,682.0516328498642,0.431052409876301,62,7
Đồng Nai,2001,1120,2080572,1147.009812331497,0.976451977968179,62,8
Đồng Nai,2002,3235,2127392,872.580656093451,3.707393668893733,62,9
Đồng Nai,2003,1806,2175266,1388.3628924587535,1.3008126404196978,62,10
Đồng Nai,2004,1790,2224217,2173.9391998827505,0.8233900930148103,62,11
Đồng Nai,2005,1977,2274269,1593.0318056045617,1.2410298357161305,62,12
Đồng Nai,2006,4025,2325448,1938.9206272513338,2.075897250990593,62,13
Đồng Nai,2007,4893,2377779,2975.0489338992024,1.6446788300678685,62,14
Đồng Nai,2008,7173,2431288,2769.8078824521263,2.5897102992030274,62,15
Đồng Nai,2009,4320,2486000,3052.7435670333766,1.4151204990329829,62,16
Đồng Nai,2010,6827,2541944,3760.6004121867713,1.8154015986054024,62,17
Đồng Nai,2011,5111,2599147,2058.168198665807,2.4832761497885207,62,18
Đồng Nai,2012,6107,2657637,2553.15189233672,2.3919454296198155,62,19
Đồng Nai,2013,4018,2717444,1968.559634430515,2.0410862489123263,62,20
Đồng Nai,2014,3259,2778596,964.8533008543218,3.3777155523169626,62,21
Đồng Nai,2015,7637,2841124,2962.491239280785,2.5778979187307445,62,22
Đồng Nai,2016,3180,2905060,3844.8471465382104,0.8270809940684327,62,23
Đồng Nai,2017,5805,2970434,5279.015739255718,1.0996368047992295,62,24
Đồng Tháp,1994,1468,1525551,1019.5352910196182,1.4398716875527484,63,1
Đồng Tháp,1995,2104,1534535,1886.80020119044,1.1151154206325196,63,2
Đồng Tháp,1996,2195,1543571,2102.2974631867805,1.044095822992002,63,3
Đồng Tháp,1997,3894,1552660,2276.7922001649044,1.7103010102186593,63,4
Đồng Tháp,1998,6827,1561803,4969.406498756865,1.3738059065419232,63,5
Đồng Tháp,1999,2409,1571000,755.4042952516288,3.189020786806025,63,6
Đồng Tháp,2000,1477,1580251,529.6944708881005,2.7883998817726394,63,7
Đồng Tháp,2001,4332,1589556,876.3149409154814,4.9434282102669425,63,8
Đồng Tháp,2002,1368,1598917,655.8189768970516,2.0859414688982754,63,9
Đồng Tháp,2003,3398,1608332,1026.517431686043,3.310221429380721,63,10
Đồng Tháp,2004,4509,1617803,1581.2330179060377,2.8515721269032723,63,11
Đồng Tháp,2005,7549,1627329,1139.8769693394518,6.622644551169918,63,12
Đồng Tháp,2006,7503,1636912,1364.8305366515335,5.497385791504792,63,13
Đồng Tháp,2007,13012,1646551,2060.1451174228832,6.316059917311662,63,14
Đồng Tháp,2008,2216,1656247,1886.8542089162975,1.1744415596755329,63,15
Đồng Tháp,2009,4026,1666000,2045.8048200633973,1.9679296678337275,63,16
Đồng Tháp,2010,4430,1675810,2479.225260960396,1.7868485247217583,63,17
Đồng Tháp,2011,2996,1685678,1334.8259458932412,2.2444873874512017,63,18
Đồng Tháp,2012,4984,1695604,1628.9412591914215,3.0596560630270804,63,19
Đồng Tháp,2013,1219,1705588,1235.5550619512576,0.9866011135714884,63,20
Đồng Tháp,2014,838,1715631,595.7441216348116,1.406644177537836,63,21
Đồng Tháp,2015,3091,1725733,1799.45292561597,1.7177442966127725,63,22
Đồng Tháp,2016,3524,1735895,2297.457173841486,1.5338697235029024,63,23
Đồng Tháp,2017,3266,1746117,3103.175874495773,1.0524701570550474,63,24
Gia Lai,1994,69,916079,612.2213350205668,0.11270433755413314,15,1
Gia Lai,1995,121,936346,1151.2919686966175,0.10509931736689226,15,2
Gia Lai,1996,92,957062,1303.4897744985276,0.07057976349326853,15,3
Gia Lai,1997,675,978236,1434.4673622818361,0.4705579351253164,15,4
Gia Lai,1998,3254,999879,3181.4545115936617,1.022802616898017,15,5
Gia Lai,1999,235,1022000,491.4215084323136,0.47820454735421486,15,6
Gia Lai,2000,220,1044611,350.1498628565269,0.6283024023063647,15,7
Gia Lai,2001,523,1067722,588.6302472792148,0.8885034406869626,15,8
Gia Lai,2002,926,1091344,447.63055588422407,2.0686702188389083,15,9
Gia Lai,2003,175,1115489,711.9605301355891,0.24580014283470486,15,10
Gia Lai,2004,191,1140168,1114.394822830648,0.1713934739169421,15,11
Gia Lai,2005,180,1165394,816.3105191429521,0.2205043249828298,15,12
Gia Lai,2006,542,1191177,993.1839611151753,0.5457196463295954,15,13
Gia Lai,2007,662,1217531,1523.360372658363,0.43456559057313987,15,14
Gia Lai,2008,466,1244467,1417.740105677135,0.3286921193341223,15,15
Gia Lai,2009,337,1272000,1561.9830318851389,0.21575138341501615,15,16
Gia Lai,2010,3565,1300142,1923.4548601784043,1.8534357492898685,15,17
Gia Lai,2011,98,1328907,1052.3122110386144,0.09312825506726341,15,18
Gia Lai,2012,663,1358308,1304.9060652662895,0.5080825491179727,15,19
Gia Lai,2013,1814,1388359,1005.7493311723499,1.8036303319093576,15,20
Gia Lai,2014,219,1419075,492.76656192906296,0.44442950662615477,15,21
Gia Lai,2015,3022,1450471,1512.4322733998374,1.9981059999511677,15,22
Gia Lai,2016,13216,1482562,1962.1709277143957,6.735396908257352,15,23
Gia Lai,2017,2926,1515362,2693.0811621029193,1.0864878642258238,15,24
Hà Giang,1994,0,553049,369.60611160368205,0,17,1
Hà Giang,1995,0,563070,692.3273755791175,0,17,2
Hà Giang,1996,0,573272,780.7792912123979,0,17,3
Hà Giang,1997,0,583658,855.865406440462,0,17,4
Hà Giang,1998,0,594233,1890.7540400266796,0,17,5
Hà Giang,1999,0,605000,290.90999276081186,0,17,6
Hà Giang,2000,15,615962,206.46825452233608,0.07265039380849357,17,7
Hà Giang,2001,0,627122,345.7294857034282,0,17,8
Hà Giang,2002,0,638484,261.88346464834456,0,17,9
Hà Giang,2003,0,650053,414.8961383718084,0,17,10
Hà Giang,2004,2,661831,646.8704962679453,0.0030918089656875682,17,11
Hà Giang,2005,0,673822,471.98457056578485,0,17,12
Hà Giang,2006,0,686031,572.0014624424455,0,17,13
Hà Giang,2007,0,698461,873.906134010003,0,17,14
Hà Giang,2008,0,711116,810.1280893657297,0,17,15
Hà Giang,2009,0,724000,889.0532351295916,0,17,16
Hà Giang,2010,0,737118,1090.5064213178136,0,17,17
Hà Giang,2011,0,750474,594.2725520047626,0,17,18
Hà Giang,2012,0,764071,734.0315172951047,0,17,19
Hà Giang,2013,0,777915,563.5339929794374,0,17,20
Hà Giang,2014,0,792010,275.0214362971916,0,17,21
Hà Giang,2015,0,806361,840.8071587856401,0,17,22
Hà Giang,2016,0,820971,1086.5551853457832,0,17,23
Hà Giang,2017,43,835846,1485.4543779104113,0.02894737168602115,17,24
Hà Nam,1994,0,794017,530.646535690727,0,18,1
Hà Nam,1995,0,793413,975.5475163662677,0,18,2
Hà Nam,1996,0,792809,1079.7821088188678,0,18,3
Hà Nam,1997,3,792205,1161.6749094661022,0.0025824780887957538,18,4
Hà Nam,1998,44,791603,2518.753704939375,0.017468956934421284,18,5
Hà Nam,1999,6,791000,380.34678392364,0.01577507751769129,18,6
Hà Nam,2000,121,790398,264.93857646729083,0.4567096329021704,18,7
Hà Nam,2001,0,789796,435.4109166806854,0,18,8
Hà Nam,2002,4,789195,323.69976519873677,0.012357129754308546,18,9
Hà Nam,2003,9,788595,503.32052961730227,0.01788124956246691,18,10
Hà Nam,2004,10,787994,770.1816171139812,0.012983950509584901,18,11
Hà Nam,2005,19,787395,551.537781403169,0.03444913592621351,18,12
Hà Nam,2006,7,786795,656.0168427409313,0.010670457744275297,18,13
Hà Nam,2007,3,786196,983.6791273014933,0.0030497749893604416,18,14
Hà Nam,2008,4,785598,894.9805752500837,0.004469370744591058,18,15
Hà Nam,2009,0,785000,963.9596541115047,0,18,16
Hà Nam,2010,15,784403,1160.460751739826,0.012925900318051414,18,17
Hà Nam,2011,3,783806,620.666927697222,0.0048335103195050215,18,18
Hà Nam,2012,7,783210,752.4180667250804,0.009303338542185312,18,19
Hà Nam,2013,20,782615,566.9387476981449,0.03527717955635059,18,20
Hà Nam,2014,3,782020,271.5524597077433,0.011047589122296045,18,21
Hà Nam,2015,21,781425,814.8059418226686,0.025773007929991706,18,22
Hà Nam,2016,63,780831,1033.4298920774709,0.06096204540140902,18,23
Hà Nam,2017,819,780237,1386.6268038103738,0.5906419793339011,18,24
Hà Nội,1994,1187,2770173,1851.3239712927912,0.6411627669743348,19,1
Hà Nội,1995,98,2930799,3603.5881507093295,0.027195116617505167,19,2
Hà Nội,1996,198,3100739,4223.11363306535,0.046884838345275966,19,3
Hà Nội,1997,140,3280532,4810.512069604018,0.02910293082614056,19,4
Hà Nội,1998,5754,3470751,11043.372675661967,0.5210364776225476,19,5
Hà Nội,1999,708,3672000,1765.6553610209937,0.40098425526859194,19,6
Hà Nội,2000,108,3884918,1302.2105883518866,0.08293589452124464,19,7
Hà Nội,2001,140,4110182,2265.924507524035,0.06178493570069434,19,8
Hà Nội,2002,99,4348507,1783.6031587441169,0.05550562047092839,19,9
Hà Nội,2003,581,4600652,2936.3648022431044,0.19786369852825203,19,10
Hà Nội,2004,604,4867417,4757.390406815386,0.12696036027119323,19,11
Hà Nội,2005,790,5149650,3607.1178201573916,0.21901142113664848,19,12
Hà Nội,2006,2654,5448248,4542.660351717529,0.5842391450191852,19,13
Hà Nội,2007,1804,5764160,7212.0487492001685,0.2501369670026242,19,14
Hà Nội,2008,2353,6098390,6947.498071913826,0.33868307348113014,19,15
Hà Nội,2009,16175,6452000,7922.888774939399,2.0415533348344552,19,16
Hà Nội,2010,3152,6826114,10098.683181861556,0.31211990149976876,19,17
Hà Nội,2011,4779,7221921,5718.771633723203,0.8356689698568422,19,18
Hà Nội,2012,1368,7640678,7340.284431032359,0.18636879985420407,19,19
Hà Nội,2013,3139,8083716,5855.972382062006,0.5360339487965097,19,20
Hà Nội,2014,1792,8552444,2969.7925944512044,0.6034091415502194,19,21
Hà Nội,2015,15412,9048351,9434.878790027302,1.6335133013357348,19,22
Hà Nội,2016,6413,9573012,12669.882161461743,0.5061609822628471,19,23
Hà Nội,2017,37665,10128095,17999.515529945165,2.092556321159759,19,24
Hà Tĩnh,1994,122,1291536,863.1416003937683,0.1413441316515658,20,1
Hà Tĩnh,1995,272,1287200,1582.6874062646564,0.17185958447850078,20,2
Hà Tĩnh,1996,1,1282878,1747.2414064387908,5.723307588263888e-4,20,3
Hà Tĩnh,1997,883,1278571,1874.873108186623,0.4709652062021613,20,4
Hà Tĩnh,1998,10530,1274278,4054.548092443734,2.5970835121241387,20,5
Hà Tĩnh,1999,390,1270000,610.6705633160844,0.6386422130488958,20,6
Hà Tĩnh,2000,35,1265736,424.270170247651,0.0824946047457688,20,7
Hà Tĩnh,2001,6,1261487,695.452004126088,0.008627482506919597,20,8
Hà Tĩnh,2002,103,1257251,515.6797160345378,0.19973638054264972,20,9
Hà Tĩnh,2003,367,1253030,799.7460334219318,0.45889568020699056,20,10
Hà Tĩnh,2004,27,1248823,1220.5937070956547,0.022120382763766027,20,11
Hà Tĩnh,2005,203,1244631,871.8127755517976,0.2328481592524438,20,12
Hà Tĩnh,2006,404,1240452,1034.2686527134435,0.3906141783762763,20,13
Hà Tĩnh,2007,108,1236287,1546.8276578031193,0.0698203186729845,20,14
Hà Tĩnh,2008,151,1232137,1403.6933406741264,0.10757335354136678,20,15
Hà Tĩnh,2009,113,1228000,1507.9521722916277,0.07493606367387265,20,16
Hà Tĩnh,2010,5,1223877,1810.6269652934564,0.0027614743930369045,20,17
Hà Tĩnh,2011,5,1219768,965.8890810524352,0.005176577826671348,20,18
Hà Tĩnh,2012,35,1215672,1167.8778054567892,0.029968888728312236,20,19
Hà Tĩnh,2013,140,1211591,877.6957817858628,0.15950857108500577,20,20
Hà Tĩnh,2014,117,1207523,419.3062080300674,0.2790323581176509,20,21
Hà Tĩnh,2015,59,1203469,1254.8788329006431,0.04701649151545726,20,22
Hà Tĩnh,2016,21,1199428,1587.4430556608238,0.013228820980452796,20,23
Hà Tĩnh,2017,194,1195401,2124.450734714868,0.09131772124903505,20,24
Hải Dương,1994,0,1621218,1083.4701464823158,0,22,1
Hải Dương,1995,1,1626737,2000.1679328812527,4.999580203045725e-4,22,2
Hải Dương,1996,0,1632274,2223.1082920226795,0,22,3
Hải Dương,1997,1,1637831,2401.685395378438,4.1637426863830687e-4,22,4
Hải Dương,1998,5,1643406,5229.054148632078,9.561958736472449e-4,22,5
Hải Dương,1999,0,1649000,792.9100463844277,0,22,6
Hải Dương,2000,0,1654613,554.6203467421141,0,22,7
Hải Dương,2001,0,1660246,915.2860140788775,0,22,8
Hải Dương,2002,2,1665897,683.2917944808064,0.0029270071968589694,22,9
Hải Dương,2003,1,1671568,1066.8777903123082,9.373144788282348e-4,22,10
Hải Dương,2004,2,1677258,1639.3440543422437,0.001220000154758522,22,11
Hải Dương,2005,2,1682967,1178.8490977904953,0.0016965699882610754,22,12
Hải Dương,2006,0,1688696,1408.0071915419387,0,22,13
Hải Dương,2007,2,1694445,2120.0695231982595,9.433652897301561e-4,22,14
Hải Dương,2008,1,1700212,1936.9406666095067,5.162780756472202e-4,22,15
Hải Dương,2009,11,1706000,2094.9237833302254,0.005250787683795204,22,16
Hải Dương,2010,0,1711807,2532.479908992567,0,22,17
Hải Dương,2011,9,1717634,1360.1307181729794,0.006617011056179524,22,18
Hải Dương,2012,1,1723480,1655.7213131080318,6.039663753091716e-4,22,19
Hải Dương,2013,2,1729347,1252.7664592622727,0.0015964667518140268,22,20
Hải Dương,2014,0,1735233,602.5508162400533,0,22,21
Hải Dương,2015,4,1741140,1815.5180824072959,0.002203227849262828,22,22
Hải Dương,2016,7,1747066,2312.24199325106,0.0030273647915882084,22,23
Hải Dương,2017,579,1753013,3115.4313538425304,0.1858490636572266,22,24
Hải Phòng,1994,155,1651279,1103.5601011172907,0.14045451610933693,23,1
Hải Phòng,1995,78,1663054,2044.8218006044608,0.03814513322233887,23,2
Hải Phòng,1996,148,1674913,2281.1813327398354,0.06487866522309436,23,3
Hải Phòng,1997,85,1686857,2473.576224281923,0.03436320221935972,23,4
Hải Phòng,1998,170,1698885,5405.579423038986,0.03144898755449735,23,5
Hải Phòng,1999,444,1711000,822.7223101053704,0.5396717635421052,23,6
Hải Phòng,2000,207,1723201,577.6107984926733,0.3583728014437834,23,7
Hải Phòng,2001,284,1735489,956.7671352846128,0.29683293826299495,23,8
Hải Phòng,2002,102,1747864,716.9117472859368,0.14227692653405188,23,9
Hải Phòng,2003,165,1760328,1123.5288345223676,0.14685871419592403,23,10
Hải Phòng,2004,25,1772881,1732.8055233043046,0.014427470171221085,23,11
Hải Phòng,2005,12,1785523,1250.685353684403,0.009594739368018593,23,12
Hải Phòng,2006,12,1798256,1499.35653322649,0.008003433295599814,23,13
Hải Phòng,2007,11,1811079,2266.0006031499283,0.004854367639933145,23,14
Hải Phòng,2008,6,1823993,2077.956288575233,0.0028874524613383217,23,15
Hải Phòng,2009,272,1837000,2255.788388029088,0.12057868612297007,23,16
Hải Phòng,2010,87,1850099,2737.07173013502,0.03178579466593237,23,17
Hải Phòng,2011,74,1863291,1475.4710991953168,0.050153473043530065,23,18
Hải Phòng,2012,75,1876578,1802.800258958412,0.041601946542503876,23,19
Hải Phòng,2013,321,1889959,1369.1163454071773,0.23445779540710554,23,20
Hải Phòng,2014,60,1903436,660.9584508021126,0.09077726433058904,23,21
Hải Phòng,2015,113,1917008,1998.8988180843846,0.05653112552654961,23,22
Hải Phòng,2016,8,1930678,2555.252490201269,0.003130806067376091,23,23
Hải Phòng,2017,860,1944445,3455.6417544093165,0.24886839004727862,23,24
Hậu Giang,1994,0,748018,499.9051158026921,0,24,1
Hậu Giang,1995,0,748613,920.4633058312642,0,24,2
Hậu Giang,1996,0,749209,1020.4002148891789,0,24,3
Hậu Giang,1997,0,749806,1099.5017920451653,0,24,4
Hậu Giang,1998,0,750403,2387.66191695537,0,24,5
Hậu Giang,1999,0,751000,361.11306539399953,0,24,6
Hậu Giang,2000,0,751598,251.9329555434893,0,24,7
Hậu Giang,2001,0,752196,414.6822089293246,0,24,8
Hậu Giang,2002,0,752795,308.76977773906714,0,24,9
Hậu Giang,2003,0,753394,480.85350159523944,0,24,10
Hậu Giang,2004,1238,753994,736.950177557493,1.679896467496838,24,11
Hậu Giang,2005,1332,754594,528.5620312805427,2.520044803015788,24,12
Hậu Giang,2006,833,755195,629.6692779615245,1.3229166947714732,24,13
Hậu Giang,2007,1162,755796,945.6430072118904,1.2287935205337275,24,14
Hậu Giang,2008,825,756398,861.7149192818882,0.9573931952895922,24,15
Hậu Giang,2009,1032,757000,929.5763798247249,1.1101831139411993,24,16
Hậu Giang,2010,1052,757603,1120.8123208355237,0.9386049568189734,24,17
Hậu Giang,2011,692,758206,600.3952362977573,1.1525741014654098,24,18
Hậu Giang,2012,686,758810,728.977353725895,0.9410443225619667,24,19
Hậu Giang,2013,365,759415,550.1322988738865,0.6634767686739175,24,20
Hậu Giang,2014,195,760020,263.91307182307236,0.73887965705135,24,21
Hậu Giang,2015,163,760625,793.1174066594584,0.20551812207292466,24,22
Hậu Giang,2016,314,761231,1007.4892904815833,0.31166584396138536,24,23
Hậu Giang,2017,385,761837,1353.9265688944304,0.28435810984518733,24,24
Hồ Chí Minh,1994,1619,4224164,2823.03526598232,0.5734962008831452,25,1
Hồ Chí Minh,1995,6463,4375493,5379.923607286482,1.2013181732258458,25,2
Hồ Chí Minh,1996,4452,4532244,6172.78056127221,0.7212308870870411,25,3
Hồ Chí Minh,1997,6493,4694610,6884.090161926089,0.9431892737127273,25,4
Hồ Chí Minh,1998,6973,4862792,15472.623734813478,0.4506669404950833,25,5
Hồ Chí Minh,1999,846,5037000,2422.0060058449744,0.3492972345891656,25,6
Hồ Chí Minh,2000,1946,5217449,1748.8702031769944,1.1127183689589426,25,7
Hồ Chí Minh,2001,1340,5404362,2979.4000127808476,0.4497549822956804,25,8
Hồ Chí Minh,2002,1692,5597971,2296.0889238899613,0.7369052576297729,25,9
Hồ Chí Minh,2003,8626,5798516,3700.901152193967,2.330783678155343,25,10
Hồ Chí Minh,2004,7755,6006246,5870.476497364677,1.3210171275672948,25,11
Hồ Chí Minh,2005,6195,6221418,4357.84718076917,1.4215734841134489,25,12
Hồ Chí Minh,2006,8746,6444298,5373.150601670954,1.6277228479842256,25,13
Hồ Chí Minh,2007,9748,6675163,8351.884917291894,1.167161676260357,25,14
Hồ Chí Minh,2008,18841,6914298,7877.0088537528145,2.3918977812274074,25,15
Hồ Chí Minh,2009,17022,7162000,8794.7503729256,1.9354727852653741,25,16
Hồ Chí Minh,2010,6547,7418576,10975.182759116207,0.5965276518572714,25,17
Hồ Chí Minh,2011,11626,7684344,6084.947272473778,1.9106163914668663,25,18
Hồ Chí Minh,2012,9839,7959633,7646.6997021247835,1.2866988875300076,25,19
Hồ Chí Minh,2013,6810,8244783,5972.651877440317,1.140197041405089,25,20
Hồ Chí Minh,2014,6715,8540150,2965.5235656032887,2.2643556361805337,25,21
Hồ Chí Minh,2015,11788,8846097,9223.984896234038,1.2779726043147355,25,22
Hồ Chí Minh,2016,18957,9163006,12127.239187077892,1.563175237790273,25,23
Hồ Chí Minh,2017,33729,9491267,16867.753290757646,1.9996142591486172,25,24
Hoà Bình,1994,8,750276,501.41415134927314,0.01595487478459177,16,1
Hoà Bình,1995,18,752606,925.3729320068505,0.019451617156083775,16,2
Hoà Bình,1996,11,754944,1028.2111130930039,0.010698192092974419,16,3
Hoà Bình,1997,1,757289,1110.4747262573135,9.005157671353298e-4,16,4
Hoà Bình,1998,1,759641,2417.0557503873174,4.137264934165282e-4,16,5
Hoà Bình,1999,3,762000,366.4023379896507,0.008187720680114047,16,6
Hoà Bình,2000,0,764367,256.2130785737991,0,16,7
Hoà Bình,2001,12,766741,422.7008007975039,0.028388874535746705,16,8
Hoà Bình,2002,0,769122,315.466533377914,0,16,9
Hoà Bình,2003,1,771511,492.4166715811976,0.0020308004535851787,16,10
Hoà Bình,2004,1,773907,756.4130497895034,0.0013220290161285327,16,11
Hoà Bình,2005,0,776311,543.7738957180012,0,16,12
Hoà Bình,2006,1,778722,649.2857069667493,0.0015401540327626697,16,13
Hoà Bình,2007,3,781140,977.3531199602752,0.0030695149365481495,16,14
Hoà Bình,2008,2,783566,892.6656501498312,0.0022404805199621003,16,15
Hoà Bình,2009,16,786000,965.1876281931754,0.01657708774194701,16,16
Hoà Bình,2010,33,788441,1166.4346459186158,0.0282913407240327,16,17
Hoà Bình,2011,7,790890,626.2764848016676,0.011177172015674188,16,18
Hoà Bình,2012,0,793346,762.1555694693321,0,16,19
Hoà Bình,2013,0,795810,576.4974154669418,0,16,20
Hoà Bình,2014,0,798281,277.19900908922665,0,16,21
Hoà Bình,2015,19,800760,834.9668950621237,0.022755393192668255,16,22
Hoà Bình,2016,20,803247,1063.0974699026451,0.018812950426673043,16,23
Hoà Bình,2017,531,805742,1431.9539500892397,0.370821980669775,16,24
Hưng Yên,1994,0,1049441,701.3479951459631,0,21,1
Hưng Yên,1995,0,1054504,1296.5741148661477,0,21,2
Hưng Yên,1996,0,1059591,1443.1312011663501,0,21,3
Hưng Yên,1997,0,1064703,1561.2609881700914,0,21,4
Hưng Yên,1998,4,1069839,3404.056004005336,0.0011750687988956276,21,5
Hưng Yên,1999,1,1075000,516.9061854840872,0.0019345870258129937,21,6
Hưng Yên,2000,2,1080186,362.0744753401413,0.005523725465931153,21,7
Hưng Yên,2001,8,1085397,598.3743938086112,0.013369556055165661,21,8
Hưng Yên,2002,0,1090633,447.33892893137175,0,21,9
Hưng Yên,2003,3,1095894,699.4540270790759,0.0042890595862719065,21,10
Hưng Yên,2004,2,1101181,1076.2891130074481,0.0018582367654091097,21,11
Hưng Yên,2005,11,1106493,775.0527935256595,0.014192581578813219,21,12
Hưng Yên,2006,3,1111831,927.0265600079975,0.0032361532338125443,21,13
Hưng Yên,2007,0,1117195,1397.8211573521003,0,21,14
Hưng Yên,2008,2,1122584,1278.8867513493415,0.0015638601290456865,21,15
Hưng Yên,2009,1,1128000,1385.154764124557,7.219409887616553e-4,21,16
Hưng Yên,2010,1,1133442,1676.8357022773903,5.963613481284138e-4,21,17
Hưng Yên,2011,1,1138910,901.8606270220477,0.0011088187797952877,21,18
Hưng Yên,2012,5,1144405,1099.4126704849473,0.004547882823466566,21,19
Hưng Yên,2013,2,1149926,833.0246754605226,0.002400889264047714,21,20
Hưng Yên,2014,0,1155474,401.23245802964755,0,21,21
Hưng Yên,2015,0,1161048,1210.6456910660982,0,21,22
Hưng Yên,2016,18,1166650,1544.0613699919463,0.011657567730027393,21,23
Hưng Yên,2017,1116,1172278,2083.3568471082726,0.5356739540559377,21,24
Khánh Hòa,1994,1345,989856,661.5269663403683,2.033174864269965,26,1
Khánh Hòa,1995,4980,1000264,1229.8828742541255,4.049166066337959,26,2
Khánh Hòa,1996,1818,1010781,1376.6534433060724,1.3205937985627096,26,3
Khánh Hòa,1997,3726,1021408,1497.7739927518162,2.4876917465727453,26,4
Khánh Hòa,1998,7558,1032148,3284.129290876571,2.3013710273211214,26,5
Khánh Hòa,1999,1507,1043000,501.5192106603748,3.0048699391109257,26,6
Khánh Hòa,2000,754,1053966,353.2856253241084,2.1342504363382218,26,7
Khánh Hòa,2001,1121,1065048,587.156083329025,1.9092027347212623,26,8
Khánh Hòa,2002,1194,1076246,441.43789240438633,2.704797255841864,26,9
Khánh Hòa,2003,590,1087562,694.1361305000064,0.8499773662192255,26,10
Khánh Hòa,2004,1602,1098997,1074.1544817135841,1.4914055913487891,26,11
Khánh Hòa,2005,5362,1110552,777.8959559215541,6.892952661834797,26,12
Khánh Hòa,2006,1053,1122228,935.6954090906397,1.1253662140154812,26,13
Khánh Hòa,2007,3372,1134028,1418.882407663557,2.376518294812464,26,14
Khánh Hòa,2008,3011,1145951,1305.507250767452,2.3063832071633166,26,15
Khánh Hòa,2009,2253,1158000,1421.9939865746783,1.5843948858230141,26,16
Khánh Hòa,2010,6926,1170175,1731.1792027403653,4.000741222535776,26,17
Khánh Hòa,2011,845,1182478,936.3605118225117,0.9024301957750337,26,18
Khánh Hòa,2012,5290,1194910,1147.9320643383842,4.608286643730015,26,19
Khánh Hòa,2013,6946,1207473,874.7126371195569,7.940893620644709,26,20
Khánh Hòa,2014,1068,1220169,423.69746708413777,2.5206664730613477,26,21
Khánh Hòa,2015,9187,1232997,1285.6682110881081,7.145700516484502,26,22
Khánh Hòa,2016,5059,1245961,1649.0294849496725,3.0678650965142675,26,23
Khánh Hòa,2017,3100,1259061,2237.5864387773113,1.385421338937833,26,24
Kiên Giang,1994,1077,1436688,960.1475913846166,1.121702548299759,27,1
Kiên Giang,1995,2948,1452212,1785.5792756575584,1.6510048252628649,27,2
Kiên Giang,1996,5104,1467903,1999.2399138777969,2.552970238624388,27,3
Kiên Giang,1997,7699,1483763,2175.7629006307106,3.5385289443846166,27,4
Kiên Giang,1998,8843,1499795,4772.10699416191,1.8530598770770084,27,5
Kiên Giang,1999,1145,1516000,728.9579322733732,1.5707353597609293,27,6
Kiên Giang,2000,595,1532380,513.6482832787369,1.158380197831045,27,7
Kiên Giang,2001,2250,1548937,853.9218722944036,2.6349014740124557,27,8
Kiên Giang,2002,1101,1565673,642.1834685698742,1.714463317549887,27,9
Kiên Giang,2003,3120,1582590,1010.0876076655907,3.088840984011891,27,10
Kiên Giang,2004,6153,1599690,1563.529457179959,3.9353271994617764,27,11
Kiên Giang,2005,2522,1616974,1132.6237181422384,2.2266883163427442,27,12
Kiên Giang,2006,4142,1634446,1362.7744260583052,3.039387825893049,27,13
Kiên Giang,2007,5814,1652106,2067.0954676563615,2.8126422272077334,27,14
Kiên Giang,2008,2913,1669956,1902.4719786994478,1.5311657846289861,27,15
Kiên Giang,2009,5395,1688000,2072.8202498601527,2.6027341253367173,27,16
Kiên Giang,2010,5943,1706239,2524.242503646479,2.3543696738387223,27,17
Kiên Giang,2011,1662,1724675,1365.7062251707773,1.2169527892370646,27,18
Kiên Giang,2012,3533,1743310,1674.7716958446647,2.1095412639023285,27,19
Kiên Giang,2013,933,1762147,1276.5273007034657,0.7308891862209641,27,20
Kiên Giang,2014,469,1781187,618.5081085515155,0.7582762352111299,27,21
Kiên Giang,2015,666,1800433,1877.3439629569218,0.354756514065229,27,22
Kiên Giang,2016,990,1819887,2408.6205926803523,0.4110236385956959,27,23
Kiên Giang,2017,1426,1839551,3269.2255347749165,0.43618893368828987,27,24
Kon Tum,1994,0,288757,192.978112189597,0,28,1
Kon Tum,1995,2187,296571,364.6513259503693,5.997510071573579,28,2
Kon Tum,1996,0,304597,414.85198957113334,0,28,3
Kon Tum,1997,63,312839,458.7413825997891,0.13733227999393696,28,4
Kon Tum,1998,1660,321305,1022.3409451019588,1.623724460957051,28,5
Kon Tum,1999,164,330000,158.67817786953376,1.033538462578275,28,6
Kon Tum,2000,8,338930,113.60812112639313,0.07041750114940913,28,7
Kon Tum,2001,153,348102,191.90703791660118,0.7972610158596196,28,8
Kon Tum,2002,1,357522,146.64282902626445,0.006819290153089553,28,9
Kon Tum,2003,68,367197,234.36337855792206,0.29014772025568,28,10
Kon Tum,2004,76,377134,368.60899193225356,0.20618053727231916,28,11
Kon Tum,2005,0,387340,271.31572368214614,0,28,12
Kon Tum,2006,2,397822,331.6974973314304,0.006029590262484286,28,13
Kon Tum,2007,392,408587,511.21921707403146,0.7667943357912406,28,14
Kon Tum,2008,35,419644,478.0730456547065,0.07321056963600314,28,15
Kon Tum,2009,109,431000,529.2568292000745,0.2059491611374084,28,16
Kon Tum,2010,1031,442663,654.8840809474295,1.574324418618389,28,17
Kon Tum,2011,19,454642,360.01415317326024,0.05277570293425678,28,18
Kon Tum,2012,22,466944,448.5860774873609,0.049042984399398484,28,19
Kon Tum,2013,392,479580,347.4153761697339,1.128332327491699,28,20
Kon Tum,2014,99,492558,171.0382553498972,0.5788178778921315,28,21
Kon Tum,2015,234,505886,527.4964567103721,0.4436048754892023,28,22
Kon Tum,2016,3433,519576,687.658878305349,4.992300846111676,28,23
Kon Tum,2017,573,533636,948.3707912828443,0.6041940612963345,28,24
Lai Châu,1994,0,754527,504.25512128218554,0,29,1
Lai Châu,1995,0,719520,884.6917670568254,0,29,2
Lai Châu,1996,0,686138,934.4994022277248,0,29,3
Lai Châu,1997,0,654305,959.4608739382079,0,29,4
Lai Châu,1998,0,623948,1985.302401190386,0,29,5
Lai Châu,1999,0,595000,286.1015631284018,0,29,6
Lai Châu,2000,1,567395,190.18877020774153,0.005257933993199014,29,7
Lai Châu,2001,0,541071,298.28996361001464,0,29,8
Lai Châu,2002,0,515968,211.63175191183652,0,29,9
Lai Châu,2003,2,492029,314.0373662869681,0.006368668874175932,29,10
Lai Châu,2004,0,469201,458.59484327481823,0,29,11
Lai Châu,2005,1,447433,313.4083962262449,0.0031907249838900764,29,12
Lai Châu,2006,0,426674,355.7538245154635,0,29,13
Lai Châu,2007,0,406879,509.082187695313,0,29,14
Lai Châu,2008,0,388001,442.0242390861582,0,29,15
Lai Châu,2009,0,370000,454.35041021816147,0,29,16
Lai Châu,2010,0,352834,521.9893458839011,0,29,17
Lai Châu,2011,0,336464,266.4333740245904,0,29,18
Lai Châu,2012,0,320854,308.23961182953354,0,29,19
Lai Châu,2013,0,305968,221.64808335606395,0,29,20
Lai Châu,2014,0,291773,101.31668733064038,0,29,21
Lai Châu,2015,0,278236,290.12169565725696,0,29,22
Lai Châu,2016,0,265328,351.16162960375704,0,29,23
Lai Châu,2017,17,253018,449.66021945446465,0.03780632411874167,29,24
Lâm Đồng,1994,118,986138,659.0422036467507,0.17904771401142083,32,1
Lâm Đồng,1995,59,998402,1227.5934367537643,0.04806151469497833,32,2
Lâm Đồng,1996,114,1010818,1376.70383619771,0.08280648096024361,32,3
Lâm Đồng,1997,347,1023388,1500.6774285048634,0.2312289059653005,32,4
Lâm Đồng,1998,1344,1036115,3296.7516482293026,0.4076740207961577,32,5
Lâm Đồng,1999,218,1049000,504.4042684398209,0.4321930119154196,32,6
Lâm Đồng,2000,296,1062045,355.993677165433,0.8314754418024299,32,7
Lâm Đồng,2001,184,1075253,592.7820530790951,0.3104007603540737,32,8
Lâm Đồng,2002,191,1088624,446.5149084696553,0.42775727389398055,32,9
Lâm Đồng,2003,99,1102162,703.4545762578575,0.14073403364101603,32,10
Lâm Đồng,2004,55,1115869,1090.645094895851,0.05042887026897794,32,11
Lâm Đồng,2005,50,1129746,791.3405627278615,0.06318392150611238,32,12
Lâm Đồng,2006,60,1143795,953.6776220525849,0.06291434192496094,32,13
Lâm Đồng,2007,57,1158019,1448.8996628303223,0.039340198263732466,32,14
Lâm Đồng,2008,195,1172420,1335.6616565147863,0.1459950572428829,32,15
Lâm Đồng,2009,273,1187000,1457.6052349431288,0.1872935095562082,32,16
Lâm Đồng,2010,4409,1201761,1777.9081332830253,2.479880662820575,32,17
Lâm Đồng,2011,92,1216706,963.4643967139524,0.09548873867449648,32,18
Lâm Đồng,2012,163,1231836,1183.4063171337907,0.13773798368322546,32,19
Lâm Đồng,2013,156,1247155,903.4589087680147,0.1726697235325584,32,20
Lâm Đồng,2014,68,1262664,438.4536392731874,0.15509051336127974,32,21
Lâm Đồng,2015,288,1278365,1332.9742429767869,0.21605818830890597,32,22
Lâm Đồng,2016,1982,1294263,1712.957185882558,1.1570633617318489,32,23
Lâm Đồng,2017,446,1310358,2328.7507839122645,0.19151899081735446,32,24
Lạng Sơn,1994,6,709616,474.24081861057243,0.012651800023411649,33,1
Lạng Sơn,1995,4,711086,874.3216726003026,0.004574975235491624,33,2
Lạng Sơn,1996,2,712560,970.4853747371338,0.0020608244617202204,33,3
Lạng Sơn,1997,6,714037,1047.0507852518567,0.005730381070825294,33,4
Lạng Sơn,1998,1,715517,2276.6602636638654,4.3923988834007415e-4,33,5
Lạng Sơn,1999,19,717000,344.76440464380516,0.0551100976321205,33,6
Lạng Sơn,2000,13,718486,240.83393183140382,0.05397910461014551,33,7
Lạng Sơn,2001,8,719975,396.91891923633,0.020155249881744008,33,8
Lạng Sơn,2002,1,721467,295.9201445759756,0.003379290049458787,33,9
Lạng Sơn,2003,0,722963,461.43092468721426,0,33,10
Lạng Sơn,2004,5,724461,708.0847627215587,0.0070613015040491105,33,11
Lạng Sơn,2005,0,725963,508.5071944840757,0,33,12
Lạng Sơn,2006,0,727467,606.5501236512905,0,33,13
Lạng Sơn,2007,0,728975,912.0848895499419,0,33,14
Lạng Sơn,2008,0,730486,832.195067314495,0,33,15
Lạng Sơn,2009,0,732000,898.8770277829573,0,33,16
Lạng Sơn,2010,0,733517,1085.179033269814,0,33,17
Lạng Sơn,2011,2,735037,582.04856371829635,0.0034361393956947777,33,18
Lạng Sơn,2012,2,736560,707.6021133885232,0.002826447182898477,33,19
Lạng Sơn,2013,0,738087,534.6819566099304,0,33,20
Lạng Sơn,2014,0,739617,256.8282340498478,0,33,21
Lạng Sơn,2015,3,741149,772.8094301768294,0.0038819402078382487,33,22
Lạng Sơn,2016,0,742685,982.9436579715156,0,33,23
Lạng Sơn,2017,236,744224,1322.6249798958156,0.17843304306757457,33,24
Lào Cai,1994,1,590157,394.4056204887708,0.002535460825230484,31,1
Lào Cai,1995,1,591717,727.550531364748,0.0013744749771870662,31,2
Lào Cai,1996,2,593282,808.0323117980188,0.0024751485439358685,31,3
Lào Cai,1997,1,594850,872.2771503536469,0.0011464246192790565,31,4
Lào Cai,1998,3,596423,1897.7222685627225,0.0015808424919164328,31,5
Lào Cai,1999,2,598000,287.5440920181248,0.006955455025916282,31,6
Lào Cai,2000,0,599581,200.97740203901668,0,31,7
Lào Cai,2001,3,601166,331.4200618099622,0.00905195655210581,31,8
Lào Cai,2002,0,602756,247.22910772639182,0,31,9
Lào Cai,2003,0,604349,385.72557365147765,0,31,10
Lào Cai,2004,1,605947,592.2497383804516,0.0016884768961394057,31,11
Lào Cai,2005,1,607549,425.5630624447881,0.0023498280002384802,31,12
Lào Cai,2006,0,609156,507.9043408469738,0,31,13
Lào Cai,2007,0,610766,764.1831882449463,0,31,14
Lào Cai,2008,0,612381,697.6457420362851,0,31,15
Lào Cai,2009,0,614000,753.9760861458138,0,31,16
Lào Cai,2010,0,615623,910.7644021865378,0,31,17
Lào Cai,2011,0,617250,488.7774029812355,0,31,18
Lào Cai,2012,1,618882,594.5506287853209,0.0016819425488507522,31,19
Lào Cai,2013,0,620518,449.5131039453083,0,31,20
Lào Cai,2014,0,622158,216.0411948886859,0,31,21
Lào Cai,2015,0,623803,650.4506394430766,0,31,22
Lào Cai,2016,0,625451,827.7844494259913,0,31,23
Lào Cai,2017,163,627105,1114.4826530957957,0.14625620196709269,31,24
Long An,1994,599,1333753,891.3554859872196,0.6720102242222454,30,1
Long An,1995,1784,1340337,1648.0224441039084,1.0825095291526978,30,2
Long An,1996,4671,1346954,1834.5109989947252,2.5461826080953522,30,3
Long An,1997,2163,1353603,1984.8986594101832,1.0897281781845427,30,4
Long An,1998,4228,1360285,4328.208563539372,0.9768475658997756,30,5
Long An,1999,290,1367000,657.3123307504625,0.441190567152305,30,6
Long An,2000,1640,1373748,460.47540548532237,3.561536578205532,30,7
Long An,2001,650,1380530,761.0798646804828,0.8540496604425128,30,8
Long An,2002,706,1387344,569.0392451167029,1.2406877136483059,30,9
Long An,2003,1005,1394193,889.8432771558728,1.129412364851699,30,10
Long An,2004,2123,1401075,1369.404093429609,1.5503093719276426,30,11
Long An,2005,1411,1407992,986.2404306776277,1.4306856179385465,30,12
Long An,2006,2272,1414942,1179.7555697501114,1.9258226519593726,30,13
Long An,2007,5967,1421927,1779.0982279818652,3.353946345485778,30,14
Long An,2008,3787,1428946,1627.9050011345576,2.326302823174986,30,15
Long An,2009,5950,1436000,1763.3707812791347,3.3742194569447945,30,16
Long An,2010,2879,1443089,2134.933377061885,1.348519832484003,30,17
Long An,2011,2995,1450213,1148.3699374801563,2.6080445875933194,30,18
Long An,2012,4714,1457372,1400.0753600429819,3.3669616183055187,30,19
Long An,2013,2181,1464567,1060.9556178964483,2.0556939076530445,30,20
Long An,2014,1586,1471797,511.074007749773,3.1032687555038443,30,21
Long An,2015,2725,1479062,1542.2446247869211,1.7669051693900313,30,22
Long An,2016,1978,1486364,1967.2028750239654,1.0054885670985525,30,23
Long An,2017,2804,1493702,2654.5872986094773,1.056284719462339,30,24
Nam Định,1994,36,1919785,1283.0043431324798,0.02805914118116335,34,1
Nam Định,1995,298,1913385,2352.618352109773,0.1266673788091301,34,2
Nam Định,1996,641,1907007,2597.2864081920643,0.2467960398892594,34,3
Nam Định,1997,0,1900650,2787.0783656714448,0,34,4
Nam Định,1998,781,1894315,6027.406319294182,0.1295748052524616,34,5
Nam Định,1999,85,1888000,907.8315145990294,0.09362970841295673,34,6
Nam Định,2000,0,1881706,630.7411063413115,0,34,7
Nam Định,2001,1,1875434,1033.9181726852562,9.671945289469426e-4,34,8
Nam Định,2002,4,1869182,766.6720829626458,0.005217354445127083,34,9
Nam Định,2003,83,1862951,1189.0279344544194,0.06980492013258226,34,10
Nam Định,2004,136,1856741,1814.7698915751016,0.07494063056223668,34,11
Nam Định,2005,50,1850552,1296.2354910193706,0.038573237923519264,34,12
Nam Định,2006,37,1844383,1537.816473751164,0.024060088203988778,34,13
Nam Định,2007,19,1838235,2299.9778688457595,0.008260949054059864,34,14
Nam Định,2008,8,1832107,2087.200039689135,0.003832886090396736,34,15
Nam Định,2009,86,1826000,2242.28067313071,0.038353806921024455,34,16
Nam Định,2010,265,1819913,2692.413986281391,0.09842468556108006,34,17
Nam Định,2011,81,1813846,1436.317435865374,0.05639421897792246,34,18
Nam Định,2012,117,1807800,1736.7262688494789,0.06736812939295751,34,19
Nam Định,2013,135,1801773,1305.233005061658,0.10342980868279737,34,20
Nam Định,2014,105,1795767,623.5709392496292,0.16838501185823573,34,21
Nam Định,2015,204,1789781,1866.23693043007,0.10931087938174532,34,22
Nam Định,2016,173,1783815,2360.879297743268,0.0732777826318221,34,23
Nam Định,2017,5096,1777868,3159.6033287792575,1.6128606884234697,34,24
Nghệ An,1994,78,2848739,1903.830121316125,0.04097004198361895,35,1
Nghệ An,1995,49,2852978,3507.9026965119074,0.013968460427572089,35,2
Nghệ An,1996,198,2857224,3891.4534977376397,0.05088073135529193,35,3
Nghệ An,1997,867,2861476,4196.016022670173,0.20662456847537886,35,4
Nghệ An,1998,8073,2865735,9118.30886015394,0.8853615427832423,35,5
Nghệ An,1999,67,2870000,1380.0193045017027,0.04855004548229299,35,6
Nghệ An,2000,5,2874271,963.445336553504,0.005189708030438248,35,7
Nghệ An,2001,787,2878549,1586.93087683436,0.49592582228277177,35,8
Nghệ An,2002,499,2882833,1182.4357290747787,0.42201025199944936,35,9
Nghệ An,2003,450,2887123,1842.7054158729065,0.2442061526078659,35,10
Nghệ An,2004,454,2891420,2826.060263600621,0.1606476711935253,35,11
Nghệ An,2005,46,2895723,2028.33474809737,0.022678702340996316,35,12
Nghệ An,2006,1410,2900033,2418.000231959419,0.5831264949289979,35,13
Nghệ An,2007,95,2904349,3633.8870837538793,0.02614280460851939,35,14
Nghệ An,2008,1345,2908671,3313.659205844766,0.40589569308383755,35,15
Nghệ An,2009,473,2913000,3577.0884999067684,0.13223044384066204,35,16
Nghệ An,2010,0,2917335,4315.961013888148,0,35,17
Nghệ An,2011,74,2921676,2313.566962547759,0.03198524235430355,35,18
Nghệ An,2012,120,2926024,2810.987246423292,0.04268962804889575,35,19
Nghệ An,2013,71,2930379,2122.8131335854055,0.03344618462958247,35,20
Nghệ An,2014,7,2934740,1019.0735091208697,0.006868984364080597,35,21
Nghệ An,2015,199,2939107,3064.6598806700554,0.06493379616288472,35,22
Nghệ An,2016,79,2943481,3895.697343166557,0.020278782728995595,35,23
Nghệ An,2017,517,2947861,5238.89930432324,0.09868485152470131,35,24
Ninh Bình,1994,4,899500,601.1414854515821,0.006654007578590537,36,1
Ninh Bình,1995,2,899400,1105.8647088210316,0.001808539493164775,36,2
Ninh Bình,1996,0,899300,1224.819660802044,0,36,3
Ninh Bình,1997,0,899200,1318.570418757669,0,36,4
Ninh Bình,1998,13,899100,2860.7919071946317,0.0045441963000895595,36,5
Ninh Bình,1999,0,899000,432.2778239536692,0,36,6
Ninh Bình,2000,1,898900,301.3080579485876,0.003318862451964795,36,7
Ninh Bình,2001,0,898800,495.5043225245507,0,36,8
Ninh Bình,2002,0,898700,368.6148277473942,0,36,9
Ninh Bình,2003,7,898600,573.5311889044539,0.012205090386402943,36,10
Ninh Bình,2004,3,898500,878.1896600442543,0.003416118563555875,36,11
Ninh Bình,2005,7,898400,629.2922139619975,0.011123608150064804,36,12
Ninh Bình,2006,0,898300,748.9878937133288,0,36,13
Ninh Bình,2007,0,898200,1123.817206068463,0,36,14
Ninh Bình,2008,1,898100,1023.1467679806977,9.773768840355321e-4,36,15
Ninh Bình,2009,2,898000,1102.7207253402946,0.0018136958470448708,36,16
Ninh Bình,2010,12,897900,1328.3703772004822,0.009033625113870571,36,17
Ninh Bình,2011,3,897800,710.9345522827919,0.00421979771607257,36,18
Ninh Bình,2012,6,897700,862.4068876790448,0.006957272820660696,36,19
Ninh Bình,2013,7,897600,650.2357096833754,0.010765326935687011,36,20
Ninh Bình,2014,1,897500,311.65230120418863,0.0032087040465804844,36,21
Ninh Bình,2015,27,897400,935.7351661281157,0.028854317949511914,36,22
Ninh Bình,2016,8,897300,1187.5766230607067,0.006736407440710506,36,23
Ninh Bình,2017,760,897200,1594.49188948828,0.47664086911342435,36,24
Ninh Thuận,1994,797,471772,315.2881832956796,2.527846085663691,37,1
Ninh Thuận,1995,2537,477478,587.0870240587598,4.321335502291871,37,2
Ninh Thuận,1996,4374,483253,658.1761097982544,6.64563774783732,37,3
Ninh Thuận,1997,5364,489098,717.2043535070488,7.47903993299907,37,4
Ninh Thuận,1998,6176,495013,1575.0519234302483,3.921140572019692,37,5
Ninh Thuận,1999,1830,501000,240.9023245837467,7.596439773514196,37,6
Ninh Thuận,2000,1108,507059,169.964359278399,6.519013778559969,37,7
Ninh Thuận,2001,1096,513192,282.9203986259671,3.8738811528714088,37,8
Ninh Thuận,2002,231,519399,213.0390262792576,1.084308373139101,37,9
Ninh Thuận,2003,63,525681,335.51574550910556,0.18777062132927602,37,10
Ninh Thuận,2004,157,532039,520.0124079468949,0.30191587277669973,37,11
Ninh Thuận,2005,310,538473,377.17816821990056,0.8218927449142956,37,12
Ninh Thuận,2006,1605,544986,454.4004411034757,3.5321268529193848,37,13
Ninh Thuận,2007,498,551577,690.1266121928575,0.7216067185376598,37,14
Ninh Thuận,2008,563,558248,635.9755449634657,0.8852541649731864,37,15
Ninh Thuận,2009,740,565000,693.8053561439492,1.0665815613081926,37,16
Ninh Thuận,2010,1554,571833,845.9806413917844,1.8369214660082545,37,17
Ninh Thuận,2011,174,578749,458.2898877245639,0.3796723529378319,37,18
Ninh Thuận,2012,274,585748,562.719293354378,0.48692128248648087,37,19
Ninh Thuận,2013,312,592832,429.4569254044282,0.7264989374805945,37,20
Ninh Thuận,2014,122,600001,208.34728955411074,0.5855607733659279,37,21
Ninh Thuận,2015,370,607258,633.1988695259943,0.5843345871368626,37,22
Ninh Thuận,2016,823,614602,813.425797042635,1.0117702229166738,37,23
Ninh Thuận,2017,525,622035,1105.4723166271092,0.4749101285519478,37,24
Phú Thọ,1994,0,1274224,851.57188233247,0,38,1
Phú Thọ,1995,0,1276968,1570.1065660371082,0,38,2
Phú Thọ,1996,0,1279717,1742.9362191288885,0,38,3
Phú Thọ,1997,10,1282472,1880.5934631728037,0.005317470360196142,38,4
Phú Thọ,1998,404,1285233,4089.4051443215194,0.09879187454952654,38,5
Phú Thọ,1999,3,1288000,619.3257366544226,0.0048439776073345535,38,6
Phú Thọ,2000,196,1290773,432.6624829040741,0.45300900296329893,38,7
Phú Thọ,2001,54,1293552,713.1292917337312,0.07572259424194648,38,8
Phú Thọ,2002,0,1296337,531.7114053160941,0,38,9
Phú Thọ,2003,0,1299128,829.1680685277826,0,38,10
Phú Thọ,2004,1,1301925,1272.495351311203,7.858574877853828e-4,38,11
Phú Thọ,2005,8,1304728,913.9082499312211,0.008753613943852748,38,12
Phú Thọ,2006,0,1307537,1090.2030319294722,0,38,13
Phú Thọ,2007,0,1310352,1639.496908935897,0,38,14
Phú Thọ,2008,0,1313173,1496.0123713946296,0,38,15
Phú Thọ,2009,0,1316000,1616.0138914786498,0,38,16
Phú Thọ,2010,85,1318833,1951.1066818960278,0.0435650191702483,38,17
Phú Thọ,2011,10,1321672,1046.5830826294298,0.009554903156733676,38,18
Phú Thọ,2012,5,1324517,1272.4435598172947,0.003929447370316316,38,19
Phú Thọ,2013,5,1327369,961.567205577888,0.005199844556881567,38,20
Phú Thọ,2014,3,1330226,461.91419946701177,0.006494712661922074,38,21
Phú Thọ,2015,21,1333090,1390.0369875348001,0.015107511662148672,38,22
Phú Thọ,2016,24,1335960,1768.1431687776458,0.013573561476128485,38,23
Phú Thọ,2017,1607,1338836,2379.361506191408,0.6753912744315553,38,24
Phú Yên,1994,586,766362,512.1645259295668,1.1441635848098295,39,1
Phú Yên,1995,1234,772394,949.7034310708383,1.2993529976074774,39,2
Phú Yên,1996,1150,778473,1060.2569062643718,1.0846427815800062,39,3
Phú Yên,1997,2969,784600,1150.5230766873522,2.5805653621033873,39,4
Phú Yên,1998,6264,790776,2516.122323661152,2.489545099256302,39,5
Phú Yên,1999,801,797000,383.23184170308605,2.090118598810444,39,6
Phú Yên,2000,301,803273,269.25423031765024,1.1179025846498232,39,7
Phú Yên,2001,3238,809596,446.32656597528495,7.25477766021954,39,8
Phú Yên,2002,1532,815968,334.68109910691635,4.577491839509561,39,9
Phú Yên,2003,723,822390,524.89017854789,1.3774309932797397,39,10
Phú Yên,2004,958,828863,810.1267848561612,1.1825309543000653,39,11
Phú Yên,2005,373,835387,585.154201630756,0.6374388134964986,39,12
Phú Yên,2006,535,841962,702.014187873385,0.7620928597193714,39,13
Phú Yên,2007,1638,848589,1061.7445102209206,1.5427440257347562,39,14
Phú Yên,2008,1416,855268,974.351063308446,1.4532749573771884,39,15
Phú Yên,2009,2736,862000,1058.513658400149,2.5847564443667403,39,16
Phú Yên,2010,4305,868785,1285.2970911639613,3.3494201687653433,39,17
Phú Yên,2011,374,875623,693.3734077450601,0.5393919002695766,39,18
Phú Yên,2012,2300,882516,847.8198472618468,2.712840478349466,39,19
Phú Yên,2013,2718,889462,644.3404131087282,4.218267153051217,39,20
Phú Yên,2014,608,896463,311.29220823889756,1.9531487904554217,39,21
Phú Yên,2015,1983,903520,942.1166005126755,2.1048350054769256,39,22
Phú Yên,2016,2644,910631,1205.2202026461543,2.1937899764664524,39,23
Phú Yên,2017,1820,917799,1631.1001579140147,1.1158113075824638,39,24
Quảng Bình,1994,518,767214,512.7339228674265,1.010270584600924,40,1
Quảng Bình,1995,604,772108,949.3517774053693,0.6362235942200112,40,2
Quảng Bình,1996,1186,777034,1058.2970313706833,1.1206683613804704,40,3
Quảng Bình,1997,1544,781991,1146.6972868491196,1.346475672095278,40,4
Quảng Bình,1998,7893,786980,2504.0440608653444,3.1521010845441544,40,5
Quảng Bình,1999,1024,792000,380.827626886881,2.6888805530491715,40,6
Quảng Bình,2000,0,797052,267.16897341643966,0,40,7
Quảng Bình,2001,1098,802137,442.2144534455669,2.4829581924444155,40,8
Quảng Bình,2002,590,807254,331.10692573538995,1.7819017185750716,40,9
Quảng Bình,2003,523,812404,518.5166169494036,1.0086465561643396,40,10
Quảng Bình,2004,385,817587,799.1056756667799,0.48178859407894087,40,11
Quảng Bình,2005,218,822802,576.3389272399371,0.3782496543205798,40,12
Quảng Bình,2006,0,828051,690.4154228845772,0,40,13
Quảng Bình,2007,69,833334,1042.6576348272729,0.06617704383033705,40,14
Quảng Bình,2008,39,838650,955.4192595112038,0.04081977583323216,40,15
Quảng Bình,2009,85,844000,1036.4101249300763,0.08201386493183353,40,16
Quảng Bình,2010,657,849384,1256.5948819111863,0.5228415374418464,40,17
Quảng Bình,2011,20,854802,676.8860293611439,0.029547071637564048,40,18
Quảng Bình,2012,68,860255,826.4340393899262,0.08228121877723917,40,19
Quảng Bình,2013,421,865743,627.1579924336168,0.6712822049295049,40,20
Quảng Bình,2014,58,871266,302.5426783966224,0.19170848988110073,40,21
Quảng Bình,2015,192,876824,914.2801998051247,0.21000126661489998,40,22
Quảng Bình,2016,94,882417,1167.8789713488907,0.0804877922336685,40,23
Quảng Bình,2017,895,888046,1578.2235226175983,0.5670933091375913,40,24
Quảng Nam,1994,2043,1390596,929.344019013928,2.1983247949103997,41,1
Quảng Nam,1995,673,1392471,1712.124234997477,0.39307895200782067,41,2
Quảng Nam,1996,2374,1394350,1899.0629312124208,1.2500902213305616,41,3
Quảng Nam,1997,1297,1396231,2047.407578238922,0.6334840281853478,41,4
Quảng Nam,1998,3375,1398114,4448.574370521093,0.7586700185040769,41,5
Quảng Nam,1999,237,1400000,673.1801485374159,0.35206029250107534,41,6
Quảng Nam,2000,59,1401888,469.9078326192341,0.12555653663216898,41,7
Quảng Nam,2001,273,1403780,773.8974831703536,0.35275990158493137,41,8
Quảng Nam,2002,434,1405673,576.5571500658316,0.7527441120978998,41,9
Quảng Nam,2003,1372,1407569,898.3805052693672,1.5271925336231829,41,10
Quảng Nam,2004,261,1409468,1377.6073720236561,0.18945891645208046,41,11
Quảng Nam,2005,38,1411369,988.605880150635,0.038437966800490705,41,12
Quảng Nam,2006,242,1413273,1178.363984762237,0.20536948101721667,41,13
Quảng Nam,2007,896,1415179,1770.655210272502,0.5060273704343075,41,14
Quảng Nam,2008,387,1417088,1614.3959549540484,0.239718142759479,41,15
Quảng Nam,2009,349,1419000,1742.4952218907326,0.2002874932542483,41,16
Quảng Nam,2010,3078,1420914,2102.127259326702,1.4642310480222132,41,17
Quảng Nam,2011,62,1422831,1126.687146312182,0.05502858553320272,41,18
Quảng Nam,2012,495,1424750,1368.7358953110383,0.3616475623206431,41,19
Quảng Nam,2013,1513,1426672,1033.5038774569969,1.4639519338068032,41,20
Quảng Nam,2014,187,1428596,496.0726806586062,0.3769608916010678,41,21
Quảng Nam,2015,2151,1430523,1491.6321340038894,1.4420445570760219,41,22
Quảng Nam,2016,3389,1432452,1895.8503386342977,1.7875883612423296,41,23
Quảng Nam,2017,3480,1434384,2549.168139112525,1.3651512219243167,41,24
Quảng Ngãi,1994,601,1174278,784.7773443614374,0.7658223116634764,42,1
Quảng Ngãi,1995,1182,1177208,1447.4458329350557,0.8166108693706359,42,2
Quảng Ngãi,1996,1830,1180145,1607.3221378819396,1.1385396597669561,42,3
Quảng Ngãi,1997,839,1183089,1734.8600513318413,0.4836124962102303,42,4
Quảng Ngãi,1998,4245,1186041,3773.7921192314852,1.1248632319642646,42,5
Quảng Ngãi,1999,443,1189000,571.7222832935626,0.774851729493518,42,6
Quảng Ngãi,2000,27,1191966,399.54273067164996,0.06757725251216995,42,7
Quảng Ngãi,2001,93,1194940,658.7649478832739,0.14117326718554948,42,8
Quảng Ngãi,2002,238,1197922,491.34506696874814,0.4843846331220782,42,9
Quảng Ngãi,2003,41,1200910,766.4804585658221,0.05349125283208912,42,10
Quảng Ngãi,2004,452,1203907,1176.6930206509717,0.3841273739772366,42,11
Quảng Ngãi,2005,41,1206910,845.390767979602,0.04849828215889539,42,12
Quảng Ngãi,2006,1468,1209921,1008.8124027045804,1.4551763995608682,42,13
Quảng Ngãi,2007,1047,1212940,1517.6161678119365,0.6898977634835955,42,14
Quảng Ngãi,2008,657,1215966,1385.2707748295481,0.47427550767527105,42,15
Quảng Ngãi,2009,1242,1219000,1496.9004055565913,0.8297145190084895,42,16
Quảng Ngãi,2010,5667,1222041,1807.9107518926987,3.1345573856824664,42,17
Quảng Ngãi,2011,555,1225090,970.1033756472772,0.5721039777123651,42,18
Quảng Ngãi,2012,969,1228146,1179.8613896351433,0.8212829138341841,42,19
Quảng Ngãi,2013,1106,1231210,891.908097280825,1.240038074967455,42,20
Quảng Ngãi,2014,284,1234281,428.5977871672503,0.6626259129265537,42,21
Quảng Ngãi,2015,1782,1237360,1290.2175898821988,1.3811623822015189,42,22
Quảng Ngãi,2016,1325,1240447,1641.731705500707,0.8070746246542715,42,23
Quảng Ngãi,2017,1367,1243541,2210.004501500385,0.6185507762866256,42,24
Quảng Ninh,1994,96,961699,642.7094668341313,0.14936764580873277,43,1
Quảng Ninh,1995,110,969821,1192.4514318140114,0.09224694361988647,43,2
Quảng Ninh,1996,152,978011,1332.0216849557075,0.11411225636694819,43,3
Quảng Ninh,1997,183,986271,1446.2497391887732,0.12653416283597596,43,4
Quảng Ninh,1998,433,994600,3164.6575807983327,0.1368236496192328,43,5
Quảng Ninh,1999,1174,1003000,482.2854921307344,2.434242827444954,43,6
Quảng Ninh,2000,157,1011471,339.0414536448057,0.4630702184414296,43,7
Quảng Ninh,2001,383,1020013,562.3284941380001,0.6810965547586294,43,8
Quảng Ninh,2002,27,1028627,421.90626952411134,0.06399525664895811,43,9
Quảng Ninh,2003,21,1037315,662.0659973496813,0.03171889220117809,43,10
Quảng Ninh,2004,24,1046075,1022.4287686486292,0.023473517897702963,43,11
Quảng Ninh,2005,6,1054910,738.9210256351856,0.008119947588231539,43,12
Quảng Ninh,2006,5,1063819,886.9949372172101,0.005637010754183803,43,13
Quảng Ninh,2007,0,1072803,1342.2784125159933,0,43,14
Quảng Ninh,2008,0,1081863,1232.4959713260234,0,43,15
Quảng Ninh,2009,268,1091000,1339.719723102741,0.20004184112429277,43,16
Quảng Ninh,2010,144,1100214,1627.67756563231,0.08846961034574423,43,17
Quảng Ninh,2011,63,1109506,878.5766889786937,0.07170688773137686,43,18
Quảng Ninh,2012,126,1118876,1074.8873441670703,0.11722158669347563,43,19
Quảng Ninh,2013,121,1128326,817.37729207242,0.1480344526004759,43,20
Quảng Ninh,2014,48,1137855,395.1143500687377,0.12148381852405382,43,21
Quảng Ninh,2015,133,1147464,1196.481409255663,0.11115926998208853,43,22
Quảng Ninh,2016,134,1157155,1531.4947367188365,0.08749621973046372,43,23
Quảng Ninh,2017,647,1166928,2073.848898369126,0.3119802992922004,43,24
Quảng Trị,1994,1449,563834,376.81379467271523,3.845400620904925,44,1
Quảng Trị,1995,991,566050,695.9914592263119,1.4238680473200487,44,2
Quảng Trị,1996,586,568274,773.9721649311917,0.7571331716459041,44,3
Quảng Trị,1997,947,570507,836.5810207897924,1.1319883866191036,44,4
Quảng Trị,1998,14758,572749,1822.3953999041464,8.098132820559268,44,5
Quảng Trị,1999,185,575000,276.48470386358156,0.6691147734931463,44,6
Quảng Trị,2000,77,577260,193.4954828472596,0.39794210628049564,44,7
Quảng Trị,2001,44,579528,319.4911315353892,0.1377190026795039,44,8
Quảng Trị,2002,784,581806,238.63616164726875,3.2853361141419994,44,9
Quảng Trị,2003,734,584092,372.79654928731395,1.9689023447325604,44,10
Quảng Trị,2004,210,586387,573.1318866826601,0.36640781097610753,44,11
Quảng Trị,2005,2,588692,412.3545102645995,0.004850195524032563,44,12
Quảng Trị,2006,75,591005,492.7703329890303,0.15220072106424798,44,13
Quảng Trị,2007,34,593328,742.3649690961802,0.045799574892919,44,14
Quảng Trị,2008,45,595659,678.595457820526,0.06631344121360379,44,15
Quảng Trị,2009,74,598000,734.3285008390825,0.100772338150356,44,16
Quảng Trị,2010,268,600350,888.1692348282764,0.30174429544591985,44,17
Quảng Trị,2011,9,602709,477.26292389375044,0.018857530198603076,44,18
Quảng Trị,2012,49,605078,581.2893336115195,0.0842953709395726,44,19
Quảng Trị,2013,338,607456,440.0507834908918,0.7680931671537314,44,20
Quảng Trị,2014,16,609843,211.76487389778944,0.07555549560935479,44,21
Quảng Trị,2015,155,612239,638.3926480667611,0.24279728231423897,44,22
Quảng Trị,2016,665,614645,813.4827075461362,0.8174728163625837,44,23
Quảng Trị,2017,736,617061,1096.6325900797233,0.67114547448065,44,24
Sóc Trăng,1994,1492,1140621,762.2841603971863,1.957275354144309,45,1
Sóc Trăng,1995,1625,1150137,1414.1604609843173,1.1490916659266015,45,2
Sóc Trăng,1996,1212,1159732,1579.5202433684822,0.767321599763287,45,3
Sóc Trăng,1997,3191,1169407,1714.7970170019453,1.8608616462250238,45,4
Sóc Trăng,1998,7346,1179163,3751.9074270529904,1.9579374339121316,45,5
Sóc Trăng,1999,1035,1189000,571.7222832935626,1.8103195034442239,45,6
Sóc Trăng,2000,307,1198919,401.8733513490518,0.7639222629951185,45,7
Sóc Trăng,2001,268,1208921,666.4726091351829,0.402117050763358,45,8
Sóc Trăng,2002,1211,1219007,499.993385254109,2.4220320422529986,45,9
Sóc Trăng,2003,1144,1229176,784.5212248529057,1.4582142123873003,45,10
Sóc Trăng,2004,5824,1239431,1211.4140106158154,4.807604955005765,45,11
Sóc Trăng,2005,3943,1249770,875.4124334854025,4.504162665706243,45,12
Sóc Trăng,2006,4390,1260197,1050.731711782095,4.1780408364703625,45,13
Sóc Trăng,2007,5249,1270710,1589.8973078637905,3.301471091269809,45,14
Sóc Trăng,2008,4640,1281311,1459.7140724063197,3.1787047119104774,45,15
Sóc Trăng,2009,4622,1292000,1586.5425135185528,2.9132531656838903,45,16
Sóc Trăng,2010,5395,1302778,1927.3546088300363,2.799173527945089,45,17
Sóc Trăng,2011,2720,1313646,1040.2275906305194,2.6148123973055837,45,18
Sóc Trăng,2012,3636,1324604,1272.527139408726,2.857306447459699,45,19
Sóc Trăng,2013,1233,1335654,967.568991289482,1.274327733836093,45,20
Sóc Trăng,2014,820,1346797,467.6683947686882,1.7533791232686942,45,21
Sóc Trăng,2015,1614,1358032,1416.044460805992,1.1397947202034424,45,22
Sóc Trăng,2016,1857,1369361,1812.3493949972499,1.0246368636897512,45,23
Sóc Trăng,2017,2544,1380784,2453.9109330530378,1.0367124436887682,45,24
Sơn La,1994,0,799773,534.493306552605,0,46,1
Sơn La,1995,0,815950,1003.2580711168788,0,46,2
Sơn La,1996,2,832455,1133.7787731935566,0.0017640125633738282,46,3
Sơn La,1997,0,849294,1245.389173963941,0,46,4
Sơn La,1998,1,866473,2756.978029365648,3.6271598443970537e-4,46,5
Sơn La,1999,0,884000,425.06517950505406,0,46,6
Sơn La,2000,0,901881,302.3072784633776,0,46,7
Sơn La,2001,20,920124,507.26014603758307,0.03942750116725747,46,8
Sơn La,2002,0,938737,385.0365834595589,0,46,9
Sơn La,2003,0,957725,611.2677029752037,0,46,10
Sơn La,2004,1,977098,955.0109743460443,0.0010471083860421212,46,11
Sơn La,2005,4,996862,698.260791400918,0.005728518698543584,46,12
Sơn La,2006,0,1017027,847.9805305349947,0,46,13
Sơn La,2007,0,1037599,1298.2315845017047,0,46,14
Sơn La,2008,0,1058587,1205.9791422741152,0,46,15
Sơn La,2009,11,1080000,1326.2120082043632,0.008294299804217238,46,16
Sơn La,2010,1,1101846,1630.0919775440943,6.134623160998593e-4,46,17
Sơn La,2011,0,1124134,890.1600601424191,0,46,18
Sơn La,2012,0,1146873,1101.7836409637175,0,46,19
Sơn La,2013,0,1170071,847.6180337176211,0,46,20
Sơn La,2014,0,1193739,414.51978427541724,0,46,21
Sơn La,2015,0,1217886,1269.9116988356432,0,46,22
Sơn La,2016,2,1242521,1644.4766446695778,0.0012161924016876853,46,23
Sơn La,2017,239,1267655,2252.8595811070727,0.10608739310887434,46,24
Tây Ninh,1994,396,914865,611.4100112147433,0.6476832121430774,54,1
Tây Ninh,1995,1406,924296,1136.4757915326265,1.2371578967853762,54,2
Tây Ninh,1996,3397,933824,1271.8403146100388,2.670932790050424,54,3
Tây Ninh,1997,1154,943450,1383.457808693197,0.834141809564875,54,4
Tây Ninh,1998,4656,953175,3032.8498789236382,1.5351897343670764,54,5
Tây Ninh,1999,406,963000,463.05177360109394,0.8767918041703854,54,6
Tây Ninh,2000,615,972927,326.121643003388,1.885799403977647,54,7
Tây Ninh,2001,681,982956,541.8991397991124,1.2566914209394275,54,8
Tây Ninh,2002,371,993088,407.3294336908915,0.9108106837217644,54,9
Tây Ninh,2003,572,1003325,640.3718897257526,0.89323096340935,54,10
Tây Ninh,2004,3762,1013667,990.7533423796095,3.7971105814938353,54,11
Tây Ninh,2005,727,1024116,717.3510963868043,1.0134507407346218,54,12
Tây Ninh,2006,494,1034673,862.693477626685,0.5726251708301074,54,13
Tây Ninh,2007,752,1045338,1307.9145296784625,0.5749611178223332,54,14
Tây Ninh,2008,1160,1056114,1203.1618146299595,0.9641263426871354,54,15
Tây Ninh,2009,817,1067000,1310.248345142644,0.6235459125201603,54,16
Tây Ninh,2010,995,1077999,1594.8122711345834,0.6238978831609665,54,17
Tây Ninh,2011,2551,1089111,862.4266442094716,2.957932732166838,54,18
Tây Ninh,2012,2053,1100338,1057.0781663974433,1.9421458746013935,54,19
Tây Ninh,2013,750,1111681,805.3193894569122,0.9313075157743088,54,20
Tây Ninh,2014,941,1123141,390.00498855350827,2.412789650435191,54,21
Tây Ninh,2015,1591,1134718,1183.1909251599768,1.344668866341148,54,22
Tây Ninh,2016,1135,1146415,1517.2803458443552,0.7480489700592418,54,23
Tây Ninh,2017,1309,1158233,2058.3962601846624,0.6359319754509111,54,24
Thái Bình,1994,410,1788505,1195.269096651008,0.3430189914127018,48,1
Thái Bình,1995,1,1788004,2198.455106549744,4.5486487170957077e-4,48,2
Thái Bình,1996,458,1787503,2434.5255400229466,0.18812700564056647,48,3
Thái Bình,1997,0,1787002,2620.4270189733006,0,48,4
Thái Bình,1998,116,1786501,5684.359473912931,0.020406872670941288,48,5
Thái Bình,1999,0,1786000,858.7855323484463,0,48,6
Thái Bình,2000,0,1785499,598.4928647893482,0,48,7
Thái Bình,2001,4,1784999,984.0617714753009,0.004064785479882242,48,8
Thái Bình,2002,8,1784499,731.9381234009093,0.010929885661411447,48,9
Thái Bình,2003,4,1783998,1138.6362051448564,0.003512974540881671,48,10
Thái Bình,2004,61,1783498,1743.1825290034585,0.03499346682580191,48,11
Thái Bình,2005,0,1782998,1248.9166951355896,0,48,12
Thái Bình,2006,15,1782499,1486.2186035356951,0.010092727923278037,48,13
Thái Bình,2007,31,1781999,2229.6160514326375,0.013903739157278215,48,14
Thái Bình,2008,8,1781499,2029.545645263161,0.003941768946498702,48,15
Thái Bình,2009,136,1781000,2187.0218394555286,0.062185021450841094,48,16
Thái Bình,2010,84,1780501,2634.1071221470493,0.03188936368371077,48,17
Thái Bình,2011,88,1780002,1409.5176263449252,0.062432706306906005,48,18
Thái Bình,2012,17,1779503,1709.5417665651366,0.009944185238689382,48,19
Thái Bình,2013,100,1779005,1288.7395039051617,0.07759520034652324,48,20
Thái Bình,2014,44,1778506,617.5771449642972,0.07124615986646282,48,21
Thái Bình,2015,145,1778008,1853.9610109840858,0.07821092198860953,48,22
Thái Bình,2016,108,1777510,2352.534629729897,0.04590793208106776,48,23
Thái Bình,2017,720,1777012,3158.082056980994,0.22798647628817237,48,24
Thái Nguyên,1994,1,1010501,675.3241491832231,0.0014807703844286616,49,1
Thái Nguyên,1995,4,1017698,1251.3189931484837,0.0031966269367777055,49,2
Thái Nguyên,1996,1,1024946,1395.945748983,7.163602172423522e-4,49,3
Thái Nguyên,1997,0,1032245,1513.6651711638233,0,49,4
Thái Nguyên,1998,4,1039596,3307.8276315781454,0.0012092528527829073,49,5
Thái Nguyên,1999,39,1047000,503.4425825133389,0.07746662947202461,49,6
Thái Nguyên,2000,12,1054456,353.44987156773374,0.033951066234014365,49,7
Thái Nguyên,2001,19,1061966,585.4569908479161,0.032453280594501636,49,8
Thái Nguyên,2002,1,1069529,438.6828175206885,0.0022795513297095104,49,9
Thái Nguyên,2003,3,1077146,687.48812152646,0.004363711758886784,49,10
Thái Nguyên,2004,2,1084817,1060.2950166279666,0.0018862674714444636,49,11
Thái Nguyên,2005,0,1092543,765.2813928302345,0,49,12
Thái Nguyên,2006,1,1100324,917.4322110232939,0.0010899987900845674,49,13
Thái Nguyên,2007,0,1108160,1386.516672318891,0,49,14
Thái Nguyên,2008,0,1116052,1271.445269678648,0,49,15
Thái Nguyên,2009,0,1124000,1380.2428677978742,0,49,16
Thái Nguyên,2010,8,1132005,1674.7097770830067,0.00477694709225041,49,17
Thái Nguyên,2011,4,1140067,902.7768124497501,0.004430773968535712,49,18
Thái Nguyên,2012,0,1148186,1103.045020314862,0,49,19
Thái Nguyên,2013,5,1156364,837.6884650092543,0.005968806076307572,49,20
Thái Nguyên,2014,0,1164599,404.40106777726675,0,49,21
Thái Nguyên,2015,13,1172893,1222.9966862107242,0.010629628147463419,49,22
Thái Nguyên,2016,0,1181247,1563.3805006804753,0,49,23
Thái Nguyên,2017,443,1189659,2114.2461287970773,0.20953095004697941,49,24
Thanh Hóa,1994,197,3500993,2339.7355559484054,0.08419754937653481,47,1
Thanh Hóa,1995,727,3494168,4296.283164211437,0.16921603446811856,47,2
Thanh Hóa,1996,496,3487356,4749.674405666599,0.1044282107860377,47,3
Thanh Hóa,1997,230,3480558,5103.8265342197,0.04506422748851585,47,4
Thanh Hóa,1998,2919,3473772,11052.98501283429,0.26409155505147003,47,5
Thanh Hóa,1999,104,3467000,1667.0825535565864,0.06238443307928835,47,6
Thanh Hóa,2000,19,3460241,1159.8603801803076,0.01638128202727843,47,7
Thanh Hóa,2001,78,3453495,1903.8959727602617,0.04096862492277657,47,8
Thanh Hóa,2002,42,3446763,1413.7397902871833,0.02970843735781691,47,9
Thanh Hóa,2003,126,3440043,2195.6064452174987,0.057387333815882624,47,10
Thanh Hóa,2004,72,3433337,3355.727382133957,0.021455854961082724,47,11
Thanh Hóa,2005,373,3426643,2400.222350765117,0.15540226924438857,47,12
Thanh Hóa,2006,160,3419963,2851.509388787173,0.056110634118603585,47,13
Thanh Hóa,2007,150,3413296,4270.675544650034,0.035123248870523115,47,14
Thanh Hóa,2008,94,3406641,3880.963955929776,0.024220786656978906,47,15
Thanh Hóa,2009,258,3400000,4175.111877680402,0.06179475126863881,47,16
Thanh Hóa,2010,0,3393372,5020.219226663943,0,47,17
Thanh Hóa,2011,43,3386757,2681.847373006918,0.016033723780405858,47,18
Thanh Hóa,2012,28,3380155,3247.2640675312036,0.008622643375377707,47,19
Thanh Hóa,2013,158,3373565,2443.8641175779817,0.06465171236958446,47,20
Thanh Hóa,2014,33,3366989,1169.169771564557,0.02822515669032405,47,21
Thanh Hóa,2015,222,3360425,3503.975758453391,0.06335660270035312,47,22
Thanh Hóa,2016,171,3353874,4438.852512081917,0.03852346964323835,47,23
Thanh Hóa,2017,3374,3347336,5948.840953401852,0.5671693068328838,47,24
Thừa Thiên Huế,1994,484,1024142,684.4405149453632,0.707146916980267,50,1
Thừa Thiên Huế,1995,536,1028280,1264.3301787708367,0.42393989244256697,50,2
Thừa Thiên Huế,1996,1013,1032435,1406.145542644455,0.7204090681074953,50,3
Thừa Thiên Huế,1997,424,1036606,1520.0600617289947,0.27893634644786375,50,4
Thừa Thiên Huế,1998,2102,1040795,3311.642657155641,0.6347303189425036,50,5
Thừa Thiên Huế,1999,109,1045000,502.4808965868569,0.21692366961687803,50,6
Thừa Thiên Huế,2000,83,1049222,351.6954535286828,0.2359996387989442,50,7
Thừa Thiên Huế,2001,416,1053462,580.7687746054274,0.7162919533382784,50,8
Thừa Thiên Huế,2002,238,1057718,433.83836472161823,0.5485914095050535,50,9
Thừa Thiên Huế,2003,568,1061992,677.816085429578,0.8379854243795644,50,10
Thừa Thiên Huế,2004,76,1066283,1042.1799724885561,0.07292406494679068,50,11
Thừa Thiên Huế,2005,41,1070592,749.9056210262721,0.05467354671097153,50,12
Thừa Thiên Huế,2006,116,1074917,896.2482686704334,0.1294284229659754,50,13
Thừa Thiên Huế,2007,114,1079261,1350.3585856587124,0.08442202035127593,50,14
Thừa Thiên Huế,2008,32,1083622,1234.499885327669,0.025921428086245913,50,15
Thừa Thiên Huế,2009,138,1088000,1336.0358008577289,0.10329064528914916,50,16
Thừa Thiên Huế,2010,2795,1092396,1616.111467393137,1.7294599143637444,50,17
Thừa Thiên Huế,2011,29,1096810,868.5231970252717,0.03339001203344506,50,18
Thừa Thiên Huế,2012,233,1101241,1057.945664915405,0.22023815374169625,50,19
Thừa Thiên Huế,2013,813,1105691,800.9801382303041,1.0150064417280718,50,20
Thừa Thiên Huế,2014,266,1110158,385.49670796684086,0.6900188626847636,50,21
Thừa Thiên Huế,2015,483,1114644,1162.2594032914055,0.41556987935067763,50,22
Thừa Thiên Huế,2016,418,1119148,1481.1924691241989,0.2822050535047316,50,23
Thừa Thiên Huế,2017,349,1123669,1996.969579769735,0.17476480540091263,50,24
Tiền Giang,1994,571,1575925,1053.200550817437,0.5421569515481366,51,1
Tiền Giang,1995,1638,1582092,1945.274303878234,0.8420406298147102,51,2
Tiền Giang,1996,9085,1588282,2163.192505835641,4.199811147408939,51,3
Tiền Giang,1997,2112,1594497,2338.1412110741176,0.9032816281569963,51,4
Tiền Giang,1998,6908,1600736,5093.285056562236,1.3562955780571655,51,5
Tiền Giang,1999,1295,1607000,772.7146419283052,1.6759097469258954,51,6
Tiền Giang,2000,2718,1613288,540.7683548690187,5.026181683020885,51,7
Tiền Giang,2001,4325,1619601,892.8786117769079,4.843883527899571,51,8
Tiền Giang,2002,2109,1625938,666.9020315989125,3.1623835287225406,51,9
Tiền Giang,2003,7669,1632300,1041.8150007219454,7.361191761191403,51,10
Tiền Giang,2004,6098,1638688,1601.645918351251,3.807333400054699,51,11
Tiền Giang,2005,4012,1645100,1152.3248232289427,3.481657184783999,51,12
Tiền Giang,2006,4203,1651537,1377.0246231989647,3.0522330023670996,51,13
Tiền Giang,2007,13408,1657999,2074.468719488205,6.463341613224183,51,14
Tiền Giang,2008,6239,1664487,1896.2415036141717,3.290192724981854,51,15
Tiền Giang,2009,6262,1671000,2051.9446904717506,3.051739176537132,51,16
Tiền Giang,2010,4721,1677539,2481.783176521349,1.9022612630557447,51,17
Tiền Giang,2011,3392,1684104,1333.5795536173523,2.5435302984356314,51,18
Tiền Giang,2012,4272,1690694,1624.224296042815,2.6301786092032384,51,19
Tiền Giang,2013,1431,1697310,1229.5583471509467,1.163832528416257,51,20
Tiền Giang,2014,886,1703952,591.6886484027629,1.4974091566429701,51,21
Tiền Giang,2015,2196,1710620,1783.6943279274317,1.2311526507748938,51,22
Tiền Giang,2016,2326,1717314,2272.8652188285682,1.0233778847646837,51,23
Tiền Giang,2017,3011,1724034,3063.9302610366,0.9827247174292105,51,24
Trà Vinh,1994,1532,948015,633.5643639025922,2.418065294208275,52,1
Trà Vinh,1995,700,951585,1170.0292071864149,0.5982756632916024,52,2
Trà Vinh,1996,1836,955168,1300.9102032347012,1.4113195479863276,52,3
Trà Vinh,1997,9505,958765,1405.9154443285101,6.760719528577164,52,4
Trà Vinh,1998,4755,962376,3062.1259842935615,1.5528427061426044,52,5
Trà Vinh,1999,1987,966000,464.49430249081695,4.2777704470105595,52,6
Trà Vinh,2000,579,969638,325.0191819926049,1.7814333186438636,52,7
Trà Vinh,2001,205,973289,536.5697669844208,0.38205656116654096,52,8
Trà Vinh,2002,111,976954,400.71183979874013,0.2770070384138148,52,9
Trà Vinh,2003,374,980633,625.8887273190979,0.5975503051508434,52,10
Trà Vinh,2004,2363,984326,962.0755874376413,2.456147968886241,52,11
Trà Vinh,2005,2238,988033,692.0764403801361,3.2337468369400586,52,12
Trà Vinh,2006,1352,991754,826.9083151973381,1.635005931313378,52,13
Trà Vinh,2007,1274,995488,1245.542799860479,1.0228472278453287,52,14
Trà Vinh,2008,997,999237,1138.3655572839643,0.8758170814467985,52,15
Trà Vinh,2009,2730,1003000,1231.6580039157188,2.216524385276362,52,16
Trà Vinh,2010,1961,1006777,1489.4450865873368,1.3165977165986726,52,17
Trà Vinh,2011,463,1010568,800.2313528974341,0.5785826790260027,52,18
Trà Vinh,2012,722,1014374,974.4938445834281,0.7408974453898547,52,19
Trà Vinh,2013,651,1018194,737.5959204382293,0.8825970724095384,52,20
Trà Vinh,2014,101,1022028,354.89401459065687,0.28459200732504825,52,21
Trà Vinh,2015,351,1025876,1069.6994086102593,0.3281295634780382,52,22
Trà Vinh,2016,1209,1029740,1362.8609738443463,0.8871044245912064,52,23
Trà Vinh,2017,1469,1033617,1836.930364843076,0.7997036948787619,52,24
Tuyên Quang,1994,0,652307,435.9408548643304,0,53,1
Tuyên Quang,1995,8,656978,807.7927336800353,0.009903530530108458,53,2
Tuyên Quang,1996,8,661683,901.192424795373,0.008877127436814064,53,3
Tuyên Quang,1997,0,666421,977.2275545361482,0,53,4
Tuyên Quang,1998,0,671193,2135.628409037578,0,53,5
Tuyên Quang,1999,0,676000,325.04984315092366,0,53,6
Tuyên Quang,2000,0,680841,228.21546276757627,0,53,7
Tuyên Quang,2001,0,685717,378.03264077499705,0,53,8
Tuyên Quang,2002,0,690627,283.27067168432137,0,53,9
Tuyên Quang,2003,0,695573,443.94926514560177,0,53,10
Tuyên Quang,2004,0,700554,684.7181737369422,0,53,11
Tuyên Quang,2005,0,705571,494.22343799797477,0,53,12
Tuyên Quang,2006,0,710624,592.5067048671275,0,53,13
Tuyên Quang,2007,0,715713,895.4916321608526,0,53,14
Tuyên Quang,2008,0,720838,821.2037300274693,0,53,15
Tuyên Quang,2009,0,726000,891.509183292933,0,53,16
Tuyên Quang,2010,0,731199,1081.7497398804046,0,53,17
Tuyên Quang,2011,0,736435,583.155588115814,0,53,18
Tuyên Quang,2012,0,741709,712.5486802423267,0,53,19
Tuyên Quang,2013,0,747020,541.1531638231673,0,53,20
Tuyên Quang,2014,2,752370,261.25664830862996,0.007655307579531307,53,21
Tuyên Quang,2015,0,757758,790.1279340482602,0,53,22
Tuyên Quang,2016,0,763184,1010.0740861406022,0,53,23
Tuyên Quang,2017,385,768650,1366.0345417467304,0.2818376755742249,53,24
Vĩnh Long,1994,1631,997119,666.3808747437422,2.447549234703357,55,1
Vĩnh Long,1995,1478,998889,1228.1922316316784,1.203394681984307,55,2
Vĩnh Long,1996,2758,1000662,1362.8716684282163,2.0236681588522334,55,3
Vĩnh Long,1997,2373,1002438,1469.956732026913,1.614333230562431,55,4
Vĩnh Long,1998,2627,1004217,3195.2573314061524,0.8221560042063728,55,5
Vĩnh Long,1999,1268,1006000,483.72802102045745,2.621307728514604,55,6
Vĩnh Long,2000,415,1007786,337.8062548534601,1.2285148484891923,55,7
Vĩnh Long,2001,361,1009575,556.5740725553218,0.6486108818231336,55,8
Vĩnh Long,2002,549,1011367,414.82683041548773,1.3234438077453314,55,9
Vĩnh Long,2003,1310,1013162,646.6503521175321,2.0258243047579763,55,10
Vĩnh Long,2004,1080,1014960,992.0171144780371,1.0886908947818468,55,11
Vĩnh Long,2005,1194,1016762,712.1999221420621,1.6764955497451368,55,12
Vĩnh Long,2006,984,1018566,849.2637236424474,1.1586506907179266,55,13
Vĩnh Long,2007,2672,1020374,1276.6798684311977,2.092928749071129,55,14
Vĩnh Long,2008,1301,1022186,1164.5098565584206,1.1172082337241531,55,15
Vĩnh Long,2009,1863,1024000,1257.4454596308035,1.4815751933662336,55,16
Vĩnh Long,2010,452,1025818,1517.614704977218,0.29783580675490706,55,17
Vĩnh Long,2011,1064,1027639,813.7492452365069,1.3075280944693972,55,18
Vĩnh Long,2012,1549,1029464,988.9905806144817,1.5662434307893731,55,19
Vĩnh Long,2013,674,1031291,747.0835954490618,0.9021748089581163,55,20
Vĩnh Long,2014,410,1033122,358.7463495539541,1.1428687720718886,55,21
Vĩnh Long,2015,600,1034957,1079.1683311014667,0.555983698472325,55,22
Vĩnh Long,2016,990,1036794,1372.196943418703,0.7214707806690676,55,23
Vĩnh Long,2017,1610,1038635,1845.8482876043913,0.8722276965077754,55,24
Vĩnh Phúc,1994,86,1139419,761.4808562665439,0.11293783591835578,56,1
Vĩnh Phúc,1995,20,1129773,1389.121736356308,0.014397586242124732,56,2
Vĩnh Phúc,1996,4,1120209,1525.6911013092372,0.002621762686147603,56,3
Vĩnh Phúc,1997,13,1110726,1628.7482728481211,0.007981589430801033,56,4
Vĩnh Phúc,1998,235,1101323,3504.233039269618,0.06706174999393896,56,5
Vĩnh Phúc,1999,0,1092000,525.0805158591844,0,56,6
Vĩnh Phúc,2000,12,1082756,362.9359301281354,0.033063687014298564,56,7
Vĩnh Phúc,2001,9,1073590,591.8652487974325,0.015206163933913063,56,8
Vĩnh Phúc,2002,0,1064501,436.620510461699,0,56,9
Vĩnh Phúc,2003,47,1055490,673.6661858187871,0.06976749165890711,56,10
Vĩnh Phúc,2004,22,1046554,1022.8969409882633,0.021507543055847723,56,11
Vĩnh Phúc,2005,19,1037695,726.8626268558493,0.026139739887559334,56,12
Vĩnh Phúc,2006,22,1028910,857.8883821892255,0.025644361733700962,56,13
Vĩnh Phúc,2007,18,1020200,1276.4621616912111,0.014101475578525122,56,14
Vĩnh Phúc,2008,8,1011563,1152.4077653477993,0.0069419872379856635,56,15
Vĩnh Phúc,2009,55,1003000,1231.6580039157188,0.044655253183223415,56,16
Vĩnh Phúc,2010,0,994509,1471.2955735151734,0,56,17
Vĩnh Phúc,2011,54,986090,780.8481317225865,0.06915557303168997,56,18
Vĩnh Phúc,2012,3,977742,939.3020331659626,0.003193860860588533,56,19
Vĩnh Phúc,2013,38,969465,702.2958581642084,0.05410825018864766,56,20
Vĩnh Phúc,2014,31,961258,333.7919417837727,0.09287222403973285,56,21
Vĩnh Phúc,2015,87,953120,993.8354151326382,0.08753964557440218,56,22
Vĩnh Phúc,2016,27,945051,1250.7750754487283,0.02158661499575651,56,23
Vĩnh Phúc,2017,712,937051,1665.3145558815006,0.4275468544278214,56,24
Yên Bái,1994,0,656168,438.52118535385625,0,57,1
Yên Bái,1995,0,661449,813.2900887090979,0,57,2
Yên Bái,1996,0,666772,908.1234903506066,0,57,3
Yên Bái,1997,0,672138,985.610858677649,0,57,4
Yên Bái,1998,1,677547,2155.845817310645,4.6385506420281526e-4,57,5
Yên Bái,1999,0,683000,328.41574389361074,0,57,6
Yên Bái,2000,0,688497,230.78172652511813,0,57,7
Yên Bái,2001,0,694037,382.6194186604045,0,57,8
Yên Bái,2002,0,699623,286.96051144221116,0,57,9
Yên Bái,2003,0,705253,450.1275223329989,0,57,10
Yên Bái,2004,0,710929,694.8586497780765,0,57,11
Yên Bái,2005,0,716650,501.98382138898654,0,57,12
Yên Bái,2006,1,722418,602.3403497724543,0.0016601909541304504,57,13
Yên Bái,2007,1,728232,911.1552567464361,0.0010975077985839775,57,14
Yên Bái,2008,0,734092,836.3031479796084,0,57,15
Yên Bái,2009,0,740000,908.7008204363229,0,57,16
Yên Bái,2010,0,745955,1103.5800475827882,0,57,17
Yên Bái,2011,5,751958,595.4476766155753,0.008397043428600075,57,18
Yên Bái,2012,0,758009,728.2078450737497,0,57,19
Yên Bái,2013,1,764109,553.5327070972083,0.0018065779802680848,57,20
Yên Bái,2014,1,770258,267.46816514867515,0.0037387627026346814,57,21
Yên Bái,2015,8,776457,809.6257186163788,0.009881109031061553,57,22
Yên Bái,2016,10,782705,1035.9101312300572,0.009653347040950194,57,23
Yên Bái,2017,283,789004,1402.2073994358125,0.2018246374351376,57,24
